/*
MySQL Backup
Source Server Version: 5.0.51
Source Database: sgcopec
Date: 22/03/2013 09:02:19
*/

SET FOREIGN_KEY_CHECKS=0;

-- ----------------------------
--  Table structure for `boletas`
-- ----------------------------
DROP TABLE IF EXISTS `boletas`;
CREATE TABLE `boletas` (
  `boleta_ncorr` int(11) NOT NULL auto_increment,
  `numero` varchar(50) default NULL,
  `monto` int(11) default NULL,
  `fecha` date default NULL,
  `usuario` varchar(50) default NULL,
  `patente` varchar(10) default NULL,
  `rut` varchar(20) default NULL,
  PRIMARY KEY  (`boleta_ncorr`)
) ENGINE=InnoDB AUTO_INCREMENT=9 DEFAULT CHARSET=latin1;

-- ----------------------------
--  Table structure for `cargas_extras`
-- ----------------------------
DROP TABLE IF EXISTS `cargas_extras`;
CREATE TABLE `cargas_extras` (
  `ce_pers` varchar(20) NOT NULL,
  `ce_veh` varchar(20) NOT NULL,
  `ce_pers_aut` varchar(50) default NULL,
  `ce_monto` int(11) NOT NULL,
  `ce_fecha` date NOT NULL,
  `ce_ncorr` int(11) NOT NULL auto_increment,
  `ce_autorizado` varchar(2) NOT NULL,
  `ce_usuario` varchar(50) default NULL,
  `ce_obs` text,
  PRIMARY KEY  (`ce_ncorr`)
) ENGINE=InnoDB AUTO_INCREMENT=204 DEFAULT CHARSET=latin1;

-- ----------------------------
--  Table structure for `cargas_vehiculos`
-- ----------------------------
DROP TABLE IF EXISTS `cargas_vehiculos`;
CREATE TABLE `cargas_vehiculos` (
  `carga_ncorr` int(11) NOT NULL auto_increment,
  `carga_veh` varchar(10) default NULL,
  `carga_pers` varchar(20) default NULL,
  `carga_monto` int(11) default NULL,
  `carga_fecha` date default NULL,
  `carga_tipo` int(11) default NULL,
  `ce_ncorr` int(11) default NULL,
  `carga_usuario` varchar(50) default NULL,
  PRIMARY KEY  (`carga_ncorr`)
) ENGINE=InnoDB AUTO_INCREMENT=705 DEFAULT CHARSET=latin1;

-- ----------------------------
--  Table structure for `compra_combustible`
-- ----------------------------
DROP TABLE IF EXISTS `compra_combustible`;
CREATE TABLE `compra_combustible` (
  `cc_ncorr` int(11) NOT NULL auto_increment,
  `usuario` varchar(50) default NULL,
  PRIMARY KEY  (`cc_ncorr`)
) ENGINE=InnoDB AUTO_INCREMENT=19 DEFAULT CHARSET=latin1;

-- ----------------------------
--  Table structure for `correos`
-- ----------------------------
DROP TABLE IF EXISTS `correos`;
CREATE TABLE `correos` (
  `correo_ncorr` int(11) NOT NULL auto_increment,
  `nombre` varchar(100) NOT NULL COMMENT 'Nombre',
  `usuario` varchar(100) NOT NULL COMMENT 'opcUsuario',
  `correo` varchar(250) NOT NULL COMMENT 'Correo Electronico',
  PRIMARY KEY  (`correo_ncorr`)
) ENGINE=InnoDB AUTO_INCREMENT=7 DEFAULT CHARSET=latin1;

-- ----------------------------
--  Table structure for `departamentos`
-- ----------------------------
DROP TABLE IF EXISTS `departamentos`;
CREATE TABLE `departamentos` (
  `departamento_ncorr` int(11) NOT NULL auto_increment,
  `nombre` varchar(50) default NULL COMMENT 'Nombre Departamento',
  PRIMARY KEY  (`departamento_ncorr`)
) ENGINE=InnoDB AUTO_INCREMENT=3 DEFAULT CHARSET=latin1;

-- ----------------------------
--  Table structure for `detalle_compra_combustible`
-- ----------------------------
DROP TABLE IF EXISTS `detalle_compra_combustible`;
CREATE TABLE `detalle_compra_combustible` (
  `monto` int(11) default NULL,
  `tipo_combustible` int(11) default NULL,
  `det_compra_ncorr` int(11) NOT NULL auto_increment,
  `empresa` int(11) default NULL,
  `fecha` date default NULL,
  `cc_ncorr` int(11) default NULL,
  `departamento` int(11) default NULL,
  PRIMARY KEY  (`det_compra_ncorr`)
) ENGINE=InnoDB AUTO_INCREMENT=108 DEFAULT CHARSET=latin1;

-- ----------------------------
--  Table structure for `detalle_reparacion`
-- ----------------------------
DROP TABLE IF EXISTS `detalle_reparacion`;
CREATE TABLE `detalle_reparacion` (
  `detalle_repara_ncorr` int(11) NOT NULL auto_increment,
  `repara_ncorr` int(11) default NULL,
  `repuesto` int(11) default NULL,
  `precio_unitario` int(11) default NULL,
  `cantidad` int(11) default NULL,
  PRIMARY KEY  (`detalle_repara_ncorr`)
) ENGINE=InnoDB AUTO_INCREMENT=58 DEFAULT CHARSET=latin1;

-- ----------------------------
--  Table structure for `empresas`
-- ----------------------------
DROP TABLE IF EXISTS `empresas`;
CREATE TABLE `empresas` (
  `empe_ncorr` int(10) unsigned NOT NULL auto_increment,
  `empe_rut` varchar(10) NOT NULL,
  `empe_desc` varchar(100) NOT NULL,
  `empe_direccion` varchar(100) NOT NULL,
  `empe_ciudad` varchar(100) NOT NULL,
  `empe_giro` varchar(100) NOT NULL,
  `empe_fono1` varchar(15) NOT NULL,
  `empe_fono2` varchar(15) NOT NULL,
  `empe_fono3` varchar(15) NOT NULL,
  `empe_fax` varchar(15) NOT NULL,
  `empe_mail` varchar(100) NOT NULL,
  `empe_rut_rep` varchar(10) NOT NULL,
  `empe_nombre_rep` varchar(100) NOT NULL,
  PRIMARY KEY  (`empe_ncorr`)
) ENGINE=InnoDB AUTO_INCREMENT=7 DEFAULT CHARSET=latin1;

-- ----------------------------
--  Table structure for `empresas_aseguradoras`
-- ----------------------------
DROP TABLE IF EXISTS `empresas_aseguradoras`;
CREATE TABLE `empresas_aseguradoras` (
  `empresa_ncorr` int(11) NOT NULL auto_increment,
  `nombre` varchar(50) NOT NULL COMMENT 'Nombre',
  PRIMARY KEY  (`empresa_ncorr`)
) ENGINE=InnoDB AUTO_INCREMENT=4 DEFAULT CHARSET=latin1;

-- ----------------------------
--  Table structure for `envio_correos`
-- ----------------------------
DROP TABLE IF EXISTS `envio_correos`;
CREATE TABLE `envio_correos` (
  `correo` varchar(50) NOT NULL default '',
  `dias_anticipa` int(11) default NULL,
  `repeticion` int(11) default NULL,
  PRIMARY KEY  (`correo`)
) ENGINE=InnoDB DEFAULT CHARSET=latin1;

-- ----------------------------
--  Table structure for `envio_correos_rev_tec`
-- ----------------------------
DROP TABLE IF EXISTS `envio_correos_rev_tec`;
CREATE TABLE `envio_correos_rev_tec` (
  `correo` varchar(50) NOT NULL default '',
  `dias_anticipa` int(11) default NULL,
  `repeticion` int(11) default NULL,
  PRIMARY KEY  (`correo`)
) ENGINE=InnoDB DEFAULT CHARSET=latin1;

-- ----------------------------
--  Table structure for `estados_vehiculos`
-- ----------------------------
DROP TABLE IF EXISTS `estados_vehiculos`;
CREATE TABLE `estados_vehiculos` (
  `est_veh_ncorr` int(11) NOT NULL auto_increment,
  `nombre` varchar(50) NOT NULL COMMENT 'Nombre',
  PRIMARY KEY  (`est_veh_ncorr`)
) ENGINE=InnoDB AUTO_INCREMENT=3 DEFAULT CHARSET=latin1;

-- ----------------------------
--  Table structure for `mantenedores`
-- ----------------------------
DROP TABLE IF EXISTS `mantenedores`;
CREATE TABLE `mantenedores` (
  `mant_ncorr` int(11) NOT NULL auto_increment,
  `mant_tabla` varchar(50) default NULL,
  `mant_titulo` varchar(100) default NULL,
  PRIMARY KEY  (`mant_ncorr`)
) ENGINE=MyISAM AUTO_INCREMENT=19 DEFAULT CHARSET=latin1;

-- ----------------------------
--  Table structure for `mecanicos`
-- ----------------------------
DROP TABLE IF EXISTS `mecanicos`;
CREATE TABLE `mecanicos` (
  `meca_ncorr` int(11) NOT NULL auto_increment,
  `nombre` varchar(200) default NULL COMMENT 'Nombre Mecanico',
  `rut` varchar(20) default NULL COMMENT 'Rut Mecanico',
  `direccion` varchar(200) default NULL COMMENT 'Direccion Mecanico',
  `telefono` int(11) default NULL COMMENT 'Telefono Mecanico',
  `email` varchar(300) default NULL COMMENT 'Email Mecanico',
  PRIMARY KEY  (`meca_ncorr`)
) ENGINE=InnoDB AUTO_INCREMENT=7 DEFAULT CHARSET=latin1;

-- ----------------------------
--  Table structure for `menues`
-- ----------------------------
DROP TABLE IF EXISTS `menues`;
CREATE TABLE `menues` (
  `menu_ncorr` int(10) unsigned NOT NULL auto_increment,
  `menu_desc` varchar(100) NOT NULL COMMENT 'Descripcion',
  `tper_ncorr` int(11) NOT NULL COMMENT 'CBOPerfil Acceso',
  `menu_orden` int(11) NOT NULL COMMENT 'Orden Menu',
  PRIMARY KEY  (`menu_ncorr`)
) ENGINE=InnoDB AUTO_INCREMENT=12 DEFAULT CHARSET=latin1;

-- ----------------------------
--  Table structure for `menues_hijos`
-- ----------------------------
DROP TABLE IF EXISTS `menues_hijos`;
CREATE TABLE `menues_hijos` (
  `mhij_ncorr` int(10) unsigned NOT NULL auto_increment,
  `menu_ncorr` int(10) unsigned NOT NULL COMMENT 'CBOMenu Padre',
  `mhij_desc` varchar(100) NOT NULL COMMENT 'Descripcion',
  `mhij_link` varchar(100) NOT NULL COMMENT 'Link de Acceso',
  `mhij_perfil` int(10) unsigned NOT NULL COMMENT 'CBOPerfil de Acceso',
  `mhij_orden` int(11) default NULL COMMENT 'Orden',
  `mhij_mostrar` varchar(2) NOT NULL COMMENT 'Mostrar',
  PRIMARY KEY  (`mhij_ncorr`)
) ENGINE=InnoDB AUTO_INCREMENT=59 DEFAULT CHARSET=latin1;

-- ----------------------------
--  Table structure for `meses`
-- ----------------------------
DROP TABLE IF EXISTS `meses`;
CREATE TABLE `meses` (
  `mes_ncorr` int(11) NOT NULL auto_increment,
  `nombre` varchar(50) NOT NULL COMMENT 'Nombre Mes',
  PRIMARY KEY  (`mes_ncorr`)
) ENGINE=InnoDB AUTO_INCREMENT=13 DEFAULT CHARSET=latin1;

-- ----------------------------
--  Table structure for `perfiles`
-- ----------------------------
DROP TABLE IF EXISTS `perfiles`;
CREATE TABLE `perfiles` (
  `perfil_ncorr` int(11) NOT NULL auto_increment,
  `perfil_codigo` int(11) NOT NULL COMMENT 'Codigo Perfil',
  `perfil_nombre` varchar(50) NOT NULL COMMENT 'Nombre',
  `perfil_desc` varchar(100) NOT NULL COMMENT 'Descripcion',
  PRIMARY KEY  (`perfil_ncorr`)
) ENGINE=InnoDB AUTO_INCREMENT=4 DEFAULT CHARSET=latin1;

-- ----------------------------
--  Table structure for `persona_tiene_cupos`
-- ----------------------------
DROP TABLE IF EXISTS `persona_tiene_cupos`;
CREATE TABLE `persona_tiene_cupos` (
  `rut_pers` varchar(20) NOT NULL,
  `cupo` int(11) NOT NULL,
  `fecha` date NOT NULL,
  `usuario` varchar(100) NOT NULL
) ENGINE=InnoDB DEFAULT CHARSET=latin1;

-- ----------------------------
--  Table structure for `personas`
-- ----------------------------
DROP TABLE IF EXISTS `personas`;
CREATE TABLE `personas` (
  `pers_ncorr` int(11) NOT NULL auto_increment,
  `pers_rut` varchar(20) default NULL COMMENT 'rutRut',
  `pers_nombre` varchar(250) default NULL COMMENT 'Nombre',
  `pers_ape_pat` varchar(100) NOT NULL COMMENT 'Apellido Paterno',
  `pers_ape_mat` varchar(100) NOT NULL COMMENT 'Apellido Materno',
  `vehiculos` varchar(2) default NULL COMMENT 'chkVehiculos',
  `cuentas` varchar(2) default NULL COMMENT 'chkCuentas',
  `clave` int(11) default NULL COMMENT 'Clave',
  PRIMARY KEY  (`pers_ncorr`)
) ENGINE=InnoDB AUTO_INCREMENT=204 DEFAULT CHARSET=latin1;

-- ----------------------------
--  Table structure for `personas_tienen_vehiculos`
-- ----------------------------
DROP TABLE IF EXISTS `personas_tienen_vehiculos`;
CREATE TABLE `personas_tienen_vehiculos` (
  `ptv_ncorr` int(11) NOT NULL auto_increment,
  `patente` varchar(10) NOT NULL COMMENT 'Patente Vehiculo',
  `rut` varchar(20) default NULL COMMENT 'BQDNombre Persona',
  PRIMARY KEY  (`ptv_ncorr`)
) ENGINE=InnoDB AUTO_INCREMENT=1073 DEFAULT CHARSET=latin1;

-- ----------------------------
--  Table structure for `reparaciones`
-- ----------------------------
DROP TABLE IF EXISTS `reparaciones`;
CREATE TABLE `reparaciones` (
  `repara_ncorr` int(11) NOT NULL auto_increment,
  `trabajador` varchar(50) default NULL,
  `patente` varchar(50) default NULL,
  `mecanico` varchar(50) default NULL,
  `fecha_ingreso` date default NULL,
  `fecha` date default NULL,
  `observaciones` text,
  `documento` varchar(50) default NULL,
  `pago` varchar(50) default NULL,
  `cheque` varchar(50) default NULL,
  PRIMARY KEY  (`repara_ncorr`)
) ENGINE=InnoDB AUTO_INCREMENT=22 DEFAULT CHARSET=latin1;

-- ----------------------------
--  Table structure for `repuestos`
-- ----------------------------
DROP TABLE IF EXISTS `repuestos`;
CREATE TABLE `repuestos` (
  `repu_ncorr` int(11) NOT NULL auto_increment,
  `nombre` varchar(200) default NULL COMMENT 'Nombre Repuesto',
  PRIMARY KEY  (`repu_ncorr`)
) ENGINE=InnoDB AUTO_INCREMENT=24 DEFAULT CHARSET=latin1;

-- ----------------------------
--  Table structure for `siniestros`
-- ----------------------------
DROP TABLE IF EXISTS `siniestros`;
CREATE TABLE `siniestros` (
  `siniestro_ncorr` int(11) NOT NULL auto_increment,
  `fecha` date default NULL,
  `patente` varchar(50) default NULL,
  `trabajador` varchar(50) default NULL,
  `observacion` text,
  PRIMARY KEY  (`siniestro_ncorr`)
) ENGINE=InnoDB AUTO_INCREMENT=4 DEFAULT CHARSET=latin1;

-- ----------------------------
--  Table structure for `tipo_carga_comb`
-- ----------------------------
DROP TABLE IF EXISTS `tipo_carga_comb`;
CREATE TABLE `tipo_carga_comb` (
  `tipo_carg_ncorr` int(11) NOT NULL auto_increment,
  `nombre` varchar(100) default NULL COMMENT 'Nombre',
  PRIMARY KEY  (`tipo_carg_ncorr`)
) ENGINE=InnoDB AUTO_INCREMENT=6 DEFAULT CHARSET=latin1;

-- ----------------------------
--  Table structure for `tipo_combustible`
-- ----------------------------
DROP TABLE IF EXISTS `tipo_combustible`;
CREATE TABLE `tipo_combustible` (
  `tip_com_ncorr` int(11) NOT NULL auto_increment,
  `nombre` varchar(50) NOT NULL COMMENT 'Nombre',
  PRIMARY KEY  (`tip_com_ncorr`)
) ENGINE=InnoDB AUTO_INCREMENT=5 DEFAULT CHARSET=latin1;

-- ----------------------------
--  Table structure for `tipo_vehiculo`
-- ----------------------------
DROP TABLE IF EXISTS `tipo_vehiculo`;
CREATE TABLE `tipo_vehiculo` (
  `tipo_veh_ncorr` int(11) NOT NULL auto_increment,
  `nombre` varchar(50) NOT NULL COMMENT 'Nombre',
  PRIMARY KEY  (`tipo_veh_ncorr`)
) ENGINE=InnoDB AUTO_INCREMENT=7 DEFAULT CHARSET=latin1;

-- ----------------------------
--  Table structure for `usuarios`
-- ----------------------------
DROP TABLE IF EXISTS `usuarios`;
CREATE TABLE `usuarios` (
  `usu_ncorr` int(10) unsigned NOT NULL auto_increment,
  `usu_login` varchar(50) NOT NULL COMMENT 'Usuario',
  `usu_pass` varchar(20) NOT NULL COMMENT 'passPassword',
  `usu_nombre` varchar(100) NOT NULL COMMENT 'Nombre ',
  `perf_ncorr` int(10) unsigned NOT NULL COMMENT 'CBOPerfil',
  `usu_sistema` int(10) unsigned NOT NULL,
  PRIMARY KEY  (`usu_ncorr`)
) ENGINE=InnoDB AUTO_INCREMENT=15 DEFAULT CHARSET=latin1;

-- ----------------------------
--  Table structure for `veh_tiene_cuotas`
-- ----------------------------
DROP TABLE IF EXISTS `veh_tiene_cuotas`;
CREATE TABLE `veh_tiene_cuotas` (
  `id_veh_cuotas` int(11) NOT NULL auto_increment,
  `patente` varchar(50) default NULL,
  `mes` int(11) default NULL,
  `monto_pagar` varchar(11) default NULL,
  `monto_pagado` varchar(11) default NULL,
  PRIMARY KEY  (`id_veh_cuotas`)
) ENGINE=InnoDB AUTO_INCREMENT=4 DEFAULT CHARSET=latin1;

-- ----------------------------
--  Table structure for `vehiculos`
-- ----------------------------
DROP TABLE IF EXISTS `vehiculos`;
CREATE TABLE `vehiculos` (
  `veh_ncorr` int(11) NOT NULL auto_increment,
  `veh_tipo_veh` int(11) NOT NULL COMMENT 'CBOTipo de  Vehiculo',
  `veh_marca` varchar(50) NOT NULL COMMENT 'Marca',
  `veh_modelo` varchar(50) NOT NULL COMMENT 'Modelo',
  `veh_anio` int(11) NOT NULL COMMENT 'Año',
  `veh_color` varchar(50) NOT NULL COMMENT 'Color',
  `veh_patente` varchar(10) default NULL COMMENT 'Patente',
  `veh_fech_adq` date NOT NULL COMMENT 'fchFecha Adquisicion',
  `veh_emp` int(11) default NULL COMMENT 'CBOEmpresa',
  `veh_valor_com` int(11) default NULL COMMENT 'Avaluo Fiscal',
  `veh_rend_lt` int(11) default NULL COMMENT 'Rendimiento por Litro',
  `veh_tipo_comb` int(11) default NULL COMMENT 'CBOTipo de Combustible',
  `veh_rev_tec` int(11) NOT NULL COMMENT 'CBOMes Revision Tecnica',
  `veh_emp_ase` int(11) NOT NULL COMMENT 'CBOEmpresa Aseguradora',
  `veh_mont_prima` int(11) NOT NULL COMMENT 'Monto Prima',
  `veh_deducible` varchar(11) default NULL COMMENT 'Deducible',
  `veh_term_seg` int(11) NOT NULL COMMENT 'CBOMes de Termino de Seguro',
  `veh_estado` int(11) NOT NULL COMMENT 'CBOEstado',
  `veh_depto` int(11) default NULL COMMENT 'CBODepartamento',
  `veh_nro_poliza` int(11) default NULL COMMENT 'Nro Poliza',
  PRIMARY KEY  (`veh_ncorr`)
) ENGINE=InnoDB AUTO_INCREMENT=715 DEFAULT CHARSET=latin1;

-- ----------------------------
--  Records 
-- ----------------------------
INSERT INTO `boletas` VALUES ('5','133734','52693','2013-02-07','hcerda','CVVH-46','12.954.858-4'), ('6','000','35888','2013-02-13','hcerda','CGFG-35','11.624.593-0'), ('7','4090412','7000','2013-02-24','hcerda','YL-7876','13.197.605-4'), ('8','4091172','25000','2013-02-25','hcerda','YL-7876','13.197.605-4');
INSERT INTO `cargas_extras` VALUES ('4.319.694-4','CZ-4987',NULL,'13000','2013-02-08','36','NO','hcerda',NULL), ('4.319.694-4','CZ-4987','Jose Garrido','13000','2013-02-08','37','SI','hcerda',NULL), ('4.319.694-4','CZ-4987',NULL,'13000','2013-02-08','38','NO','hcerda',NULL), ('16.487.368-4','BPYH-65','Jose Garrido','40000','2013-02-07','40','SI','hcerda',NULL), ('14.461.020-2','CGZH-50','Jose Garrido','28000','2013-02-12','41','SI','hcerda',NULL), ('14.461.020-2','CGZH-50','Jose Garrido','14000','2013-02-19','42','SI','hcerda',NULL), ('16.487.368-4','BPYH-65','Jose Garrido','40000','2013-02-19','43','SI','hcerda',NULL), ('11.299.379-7','CWSJ-35','Jose Garrido','30000','2013-02-11','44','SI','hcerda',NULL), ('11.299.379-7','CWSJ-35','Jose Garrido','8000','2013-02-14','45','SI','hcerda',NULL), ('18.680.364-7','VY-0876','Jose Garrido','6000','2013-02-06','46','SI','hcerda',NULL), ('18.680.364-7','YF-0188','Jose Garrido','20000','2013-02-04','47','SI','hcerda',NULL), ('18.680.364-7','YF-0188','Jose Garrido','10000','2013-02-11','48','SI','hcerda',NULL), ('18.680.364-7','YF-0188','Jose Garrido','3000','2013-02-13','49','SI','hcerda',NULL), ('7.916.445-3','CBGR-93','Jose Garrido','14000','2013-02-05','50','SI','hcerda',NULL), ('4.974.513-3','CCFD-64','Jose Garrido','44000','2013-02-05','51','SI','hcerda',NULL), ('9.774.469-6','CCFD-65','Jose Garrido','10000','2013-02-06','52','SI','hcerda',NULL), ('9.774.469-6','CCFD-65','Jose Garrido','32000','2013-02-12','53','SI','hcerda',NULL), ('9.774.469-6','CCFD-65','Jose Garrido','5000','2013-02-14','54','SI','hcerda',NULL), ('9.774.469-6','CCFD-65','Jose Garrido','5000','2013-02-20','55','SI','hcerda',NULL), ('8.932.672-9','CTGY-58','Jose Garrido','14000','2013-02-01','56','SI','hcerda',NULL), ('8.932.672-9','CTGY-58','Jose Garrido','14000','2013-02-05','57','SI','hcerda',NULL), ('8.932.672-9','CTGY-58','Jose Garrido','14000','2013-02-12','58','SI','hcerda',NULL), ('8.932.672-9','CTGY-58','Jose Garrido','14000','2013-02-19','59','SI','hcerda',NULL), ('9.309.102-7','CTGY-95','Jose Garrido','30000','2013-02-08','60','SI','hcerda',NULL), ('9.309.102-7','CTGY-95','Jose Garrido','20000','2013-02-11','61','SI','hcerda',NULL), ('11.384.637-2','CTVJ-66','Jose Garrido','12000','2013-02-13','63','SI','hcerda',NULL), ('8.933.372-5','CWWX-27','Jose Garrido','16000','2013-02-08','64','SI','hcerda',NULL), ('8.933.372-5','CWWX-27','Jose Garrido','38000','2013-02-13','65','SI','hcerda',NULL), ('12.160.891-K','BZKL-55','Jose Garrido','20000','2013-02-13','66','SI','hcerda',NULL), ('8.191.539-3','TB-1854','Jose Garrido','10000','2013-02-04','67','SI','hcerda',NULL), ('7.757.016-0','DN-3609','Jose Garrido','5000','2013-02-04','68','SI','hcerda',NULL), ('5.613.510-3','UP-4784','Jose Garrido','5000','2013-02-05','69','SI','hcerda',NULL), ('5.613.510-3','UP-4784','Jose Garrido','8000','2013-02-19','70','SI','hcerda',NULL), ('4.212.399-4','RD-4631','Jose Garrido','4000','2013-02-11','71','SI','hcerda',NULL), ('7.069.804-8','ZV-4336','Jose Garrido','12000','2013-02-05','72','SI','hcerda',NULL), ('15.555.403-7','ZV-4336','Jose Garrido','20000','2013-02-11','73','SI','hcerda',NULL), ('6.777.495-7','ZX-7442','Jose Garrido','13000','2013-02-04','74','SI','hcerda',NULL), ('6.777.495-7','ZX-7442','Jose Garrido','8000','2013-02-07','75','SI','hcerda',NULL), ('6.777.495-7','ZX-7442','Jose Garrido','13000','2013-02-08','76','SI','hcerda',NULL), ('6.777.495-7','ZX-7442','Jose Garrido','13000','2013-02-15','77','SI','hcerda',NULL), ('7.641.312-6','YD-9666','Jose Garrido','13000','2013-02-12','78','SI','hcerda',NULL), ('7.641.312-6','YD-9666','Jose Garrido','13000','2013-02-20','79','SI','hcerda',NULL), ('8.588.136-1','WH-9267','Jose Garrido','13000','2013-02-04','80','SI','hcerda',NULL), ('8.588.136-1','WH-9267','Jose Garrido','13000','2013-02-07','81','SI','hcerda',NULL), ('8.588.136-1','WH-9267','Jose Garrido','13000','2013-02-20','82','SI','hcerda',NULL), ('13.197.605-4','YL-7876','Jose Garrido','20000','2013-02-05','83','SI','hcerda',NULL), ('8.350.922-8','YR-2509','Jose Garrido','16000','2013-02-12','84','SI','hcerda',NULL), ('8.350.922-8','YR-2509','Jose Garrido','7000','2013-02-12','85','SI','hcerda',NULL), ('8.350.922-8','YR-2509','Jose Garrido','16000','2013-02-19','86','SI','hcerda',NULL), ('13.109.445-0','UJ-7178','Jose Garrido','25000','2013-02-14','87','SI','hcerda',NULL), ('6.333.122-8','XT-8359','Jose Garrido','20000','2013-02-04','88','SI','hcerda',NULL), ('6.333.122-8','XT-8359','Jose Garrido','14000','2013-02-11','89','SI','hcerda',NULL), ('6.333.122-8','XT-8359','Jose Garrido','20000','2013-02-20','90','SI','hcerda',NULL), ('9.078.125-1','DVYP-41','Jose Garrido','14000','2013-02-08','91','SI','hcerda',NULL), ('11.402.127-K','FGSB-11','Jose Garrido','60000','2013-02-01','92','SI','hcerda',NULL), ('15.555.403-7','FKBG-51','Jose Garrido','18000','2013-02-12','93','SI','hcerda',NULL), ('7.757.016-0','FKBG-47','Jose Garrido','5000','2013-02-11','94','SI','hcerda',NULL), ('7.757.016-0','FKBG-47','Jose Garrido','5000','2013-02-18','95','SI','hcerda',NULL), ('10.981.647-7','FKHG-73','Jose Garrido','5000','2013-02-18','96','SI','hcerda',NULL), ('7.237.139-9','CVHX-43','Jose Garrido','50000','2013-02-20','97','SI','hcerda',NULL), ('9.442.995-1','BCHX-76','Jose Garrido','40000','2013-02-21','98','SI','hcerda',NULL), ('9.442.995-1','BCHX-76','Jose Garrido','10000','2013-02-21','99','SI','hcerda',NULL), ('4.319.694-4','CZ-4987','Jose Garrido','15000','2013-02-22','100','SI','hcerda',NULL), ('16.487.368-4','BPYH-65','Jose Garrido','30000','2013-02-22','101','SI','hcerda',NULL), ('9.078.125-1','DVYP-41','Jose Garrido','14000','2013-02-22','102','SI','hcerda',NULL), ('7.651.026-1','CCFD-66','Jose Garrido','30000','2013-02-22','103','SI','hcerda',NULL), ('6.333.122-8','XT-8359','Jose Garrido','15000','2013-02-25','104','SI','hcerda',NULL), ('7.069.804-8','FKHG-74','Jose Garrido','20000','2013-02-25','105','SI','hcerda',NULL), ('8.289.904-9','KW-3135','Jose Garrido','19000','2013-02-25','106','SI','hcerda',NULL), ('16.251.013-4','BZKK-82','Jose Garrido','20000','2013-02-25','107','SI','hcerda',NULL), ('4.212.399-4','RD-4631','Jose Garrido','4000','2013-02-25','108','SI','hcerda',NULL), ('8.572.164-K','DGVD-44','Jose Garrido','60000','2013-02-25','109','SI','hcerda',NULL), ('16.487.368-4','BPYH-65','Jose Garrido','30000','2013-02-25','110','SI','hcerda',NULL), ('7.237.139-9','CVHX-43','Jose Garrido','25000','2013-02-25','111','SI','hcerda',NULL), ('11.384.637-2','CTVJ-66','Jose Garrido','12000','2013-02-25','112','SI','hcerda',NULL), ('18.680.364-7','YF-0188','Jose Garrido','16000','2013-02-25','113','SI','hcerda',NULL), ('8.933.372-5','CWWX-27','Jose Garrido','30000','2013-02-25','114','SI','hcerda',NULL), ('9.309.102-7','CTGY-95','Jose Garrido','20000','2013-02-25','115','SI','hcerda',NULL), ('7.297.052-7','WF-7710','Jose Garrido','20000','2013-02-25','116','SI','hcerda',NULL), ('10.981.647-7','FKHG-73','Jose Garrido','10000','2013-02-25','117','SI','hcerda',NULL), ('8.942.943-9','DVYP-43','Jose Garrido','10000','2013-02-25','118','SI','hcerda',NULL), ('15.555.403-7','FKBG-51','Jose Garrido','25000','2013-02-25','119','SI','hcerda',NULL), ('9.063.667-7','WW-1195','Jose Garrido','24000','2013-02-25','120','SI','hcerda',NULL), ('9.302.326-9','BFTG-53','Jose Garrido','30000','2013-02-25','121','SI','hcerda',NULL), ('4.974.513-3','CCFD-64','Jose Garrido','44000','2013-02-25','122','SI','hcerda',NULL), ('12.160.891-K','BZKL-55','Jose Garrido','20000','2013-02-26','123','SI','hcerda',NULL), ('12.038.159-8','BTLX-90','Jose Garrido','8000','2013-02-26','124','SI','hcerda',NULL), ('5.613.510-3','UP-4784','Jose Garrido','4000','2013-02-26','125','SI','hcerda',NULL), ('6.777.495-7','ZX-7442','Jose Garrido','26000','2013-02-26','126','SI','hcerda',NULL), ('8.932.672-9','CTGY-58','Jose Garrido','14000','2013-02-26','127','SI','hcerda',NULL), ('8.350.922-8','YR-2509','Jose Garrido','16000','2013-02-26','129','SI','hcerda',NULL), ('7.916.445-3','CBGR-93','Jose Garrido','14000','2013-02-26','130','SI','hcerda',NULL), ('10.981.647-7','FKHG-73','Jose Garrido','30000','2013-02-26','131','SI','hcerda',NULL), ('8.588.136-1','WH-9267','Jose Garrido','13000','2013-02-27','132','SI','hcerda',NULL), ('9.774.469-6','CCFD-65','Jose Garrido','5000','2013-02-27','133','SI','hcerda',NULL), ('4.974.513-3','CCFD-64','Jose Garrido','10000','2013-02-27','134','SI','hcerda',NULL), ('9.442.995-1','BCHX-76','Jose Garrido','10000','2013-02-27','135','SI','hcerda',NULL), ('14519895-k','DFHS-87','Jose Garrido','30000','2013-02-27','136','SI','hcerda',NULL), ('15.061.453-8','ZN-0246','Jose Garrido','5000','2013-02-28','137','SI','hcerda',NULL), ('8.572.164-K','DGVD-44','Jose Garrido','5120','2013-03-01','138','SI','hcerda',NULL);
INSERT INTO `cargas_extras` VALUES ('7.237.139-9','CVHX-43','Jose Garrido','30000','2013-03-01','139','SI','hcerda',NULL), ('6.333.122-8','XT-8359','Jose Garrido','16000','2013-03-04','140','SI','hcerda',NULL), ('7.069.804-8','FKHG-74','Jose Garrido','10000','2013-03-04','141','SI','hcerda',NULL), ('7.757.016-0','FKBG-47','Jose Garrido','5000','2013-03-04','142','SI','hcerda',NULL), ('8.350.922-8','YR-2509','Jose Garrido','16000','2013-03-04','143','SI','hcerda',NULL), ('7.916.445-3','CBGR-93','Jose Garrido','14000','2013-03-04','144','SI','hcerda',NULL), ('8.932.672-9','CTGY-58','Jose Garrido','14000','2013-03-05','145','SI','hcerda',NULL), ('16.102.216-9','WW-1195','Jose Garrido','24000','2013-03-05','146','SI','hcerda',NULL), ('8.933.372-5','CWWX-27','Jose Garrido','32000','2013-03-06','148','SI','hcerda',NULL), ('9.774.469-6','CCFD-65','Jose Garrido','5000','2013-03-06','149','SI','hcerda',NULL), ('8.588.136-1','WH-9267','Jose Garrido','13000','2013-03-06','150','SI','hcerda',NULL), ('14.461.020-2','CGZH-50','Jose Garrido','14000','2013-03-06','151','SI','hcerda',NULL), ('16.487.368-4','BPYH-65','Jose Garrido','40000','2013-03-06','152','SI','hcerda',NULL), ('6.777.495-7','ZX-7442','Jose Garrido','13000','2013-03-08','153','SI','hcerda',NULL), ('9.078.125-1','DVYP-41','Jose Garrido','14000','2013-03-08','154','SI','hcerda',NULL), ('13.544.063-9','BGHK-66','Jose Garrido','40000','2013-03-11','155','SI','hcerda',NULL), ('11.384.637-2','CTVJ-66','Jose Garrido','12000','2013-03-11','156','SI','hcerda',NULL), ('4.974.513-3','CCFD-64','Jose Garrido','40000','2013-03-11','157','SI','hcerda',NULL), ('8.191.539-3','TB-1854','Jose Garrido','20000','2013-03-11','158','SI','hcerda',NULL), ('5.613.510-3','UP-4784','Jose Garrido','8000','2013-03-11','159','SI','hcerda',NULL), ('6.333.122-8','XT-8359','Jose Garrido','14000','2013-03-12','160','SI','hcerda',NULL), ('7.069.804-8','FKHG-74','Jose Garrido','10000','2013-03-12','161','SI','hcerda',NULL), ('7.069.804-8','FKHG-74','Jose Garrido','20000','2013-03-12','162','SI','hcerda',NULL), ('4.319.694-4','CZ-4987','Jose Garrido','18000','2013-03-12','163','SI','hcerda',NULL), ('12.038.159-8','BTLX-90','Jose Garrido','5000','2013-03-12','164','SI','hcerda',NULL), ('14.461.020-2','CGZH-50','Jose Garrido','28000','2013-03-12','165','SI','hcerda',NULL), ('8.932.672-9','CTGY-58','Jose Garrido','14000','2013-03-12','166','SI','hcerda',NULL), ('16.487.368-4','BPYH-65','Jose Garrido','38000','2013-03-12','167','SI','hcerda',NULL), ('10.981.647-7','FKHG-73','Jose Garrido','30000','2013-03-12','168','SI','hcerda',NULL), ('6.777.495-7','ZX-7442','Jose Garrido','13000','2013-03-12','169','SI','hcerda',NULL), ('12.160.891-K','BZKL-55','Jose Garrido','20000','2013-03-12','170','SI','hcerda',NULL), ('7.757.016-0','FKBG-47','Jose Garrido','5000','2013-03-12','171','NO','hcerda',NULL), ('16.487.368-4','BPYH-65','Jose Garrido','7000','2013-03-12','172','NO','hcerda',NULL), ('7.237.139-9','CVHX-43','Jose Garrido','30000','2013-03-12','173','SI','hcerda',NULL), ('9.067.237-1','FP-0167','Jose Garrido','6000','2013-03-13','174','SI','hcerda',NULL), ('8.350.922-8','YR-2509','Jose Garrido','16000','2013-03-13','175','SI','hcerda',NULL), ('8.191.539-3','TB-1854','Jose Garrido','10000','2013-03-13','176','SI','hcerda',NULL), ('8.933.372-5','CWWX-27','Jose Garrido','16000','2013-03-13','177','SI','hcerda',NULL), ('10.981.647-7','FKHG-73','Jose Garrido','35000','2013-03-13','178','SI','hcerda',NULL), ('9.442.995-1','BCHX-76','Jose Garrido','20000','2013-03-13','179','SI','hcerda',NULL), ('9.302.326-9','BFTG-53','Jose Garrido','35000','2013-03-13','180','SI','hcerda',NULL), ('6.333.122-8','XT-8359','Jose Garrido','25000','2013-03-14','181','SI','hcerda',NULL), ('09.562-622-K','XN-1043','Jose Garrido','15000','2013-03-14','182','SI','hcerda',NULL), ('11.592.004-9','YF-0185','Jose Garrido','5000','2013-03-14','183','SI','hcerda',NULL), ('10.981.647-7','FKHG-73','Jose Garrido','10000','2013-03-14','184','NO','hcerda',NULL), ('7.916.445-3','CBGR-93','Jose Garrido','14000','2013-03-18','185','SI','hcerda',NULL), ('4.974.513-3','CCFD-64','Jose Garrido','60000','2013-03-15','186','NO','hcerda',NULL), ('12.160.891-K','BZKL-55','Jose Garrido','10000','2013-03-18','187','SI','hcerda',NULL), ('11.389.952-2','DN-3609','Jose Garrido','15000','2013-03-18','188','SI','hcerda',NULL), ('8.572.164-K','DGVD-44','Jose Garrido','60000','2013-03-19','189','NO','ehanglin',NULL), ('8.932.672-9','CTGY-58','Jose Garrido','14000','2013-03-19','190','SI','ehanglin',NULL), ('14.461.020-2','CGZH-50','Jose Garrido','14000','2013-03-18','191','SI','ehanglin',NULL), ('13.109.445-0','UJ-7178','Jose Garrido','42000','2013-03-19','192','SI','ehanglin',NULL), ('11.389.952-2','DN-3609','Jose Garrido','15000','2013-03-20','193','SI','ehanglin',NULL), ('7.757.016-0','FKBG-47','Jose Garrido','10000','2013-03-20','194','SI','ehanglin',NULL), ('7.757.016-0','FKBG-47','Jose Garrido','10000','2013-03-20','195','SI','ehanglin',NULL), ('16.102.216-9','WW-1195','Jose Garrido','20000','2013-03-20','196','SI','ehanglin',NULL), ('9.774.469-6','CCFD-65','Jose Garrido','10000','2013-03-20','197','NO','ehanglin',NULL), ('8.933.372-5','CWWX-27','Jose Garrido','16000','2013-03-20','198','NO','ehanglin',NULL), ('9.078.125-1','DVYP-41','Jose Garrido','14000','2013-03-21','199','SI','ehanglin',NULL), ('11.389.952-2','DN-3609','Jose Garrido','15000','2013-03-21','200','SI','ehanglin',NULL), ('09.562-622-K','XN-1043','Jose Garrido','8000','2013-03-21','201','SI','ehanglin',NULL), ('6,900,724-4','XW-6285','Jose Garrido','15000','2013-03-21','202','SI','ehanglin',NULL), ('7.757.016-0','FKBG-47','Jose Garrido','5000','2013-03-21','203','SI','ehanglin','Viaje a Con con para dia 22 de Marzo.');
INSERT INTO `cargas_vehiculos` VALUES ('48','CZ-4987','4.319.694-4','32000','2013-02-01','1',NULL,'hcerda'), ('49','CZ-4987','4.319.694-4','13000','2013-02-08','2','37',NULL), ('52','CZ-4987','4.319.694-4','32000','2013-02-13','1',NULL,'hcerda'), ('53','KN-3823','9.173.533-4','54000','2013-02-01','1',NULL,'hcerda'), ('54','KN-3823','9.173.533-4','54000','2013-02-15','1',NULL,'hcerda'), ('55','BPYH-65','16.487.368-4','70000','2013-02-01','1',NULL,'hcerda'), ('56','BPYH-65','16.487.368-4','70000','2013-02-11','1',NULL,'hcerda'), ('59','WH-9177','8.158.456-7','90000','2013-02-01','1',NULL,'hcerda'), ('60','WH-9177','8.158.456-7','90000','2013-02-15','1',NULL,'hcerda'), ('61','BLDP-59','13.650.808-3','20000','2013-02-18','1',NULL,'hcerda'), ('62','BLDP-59','13.650.808-3','20000','2013-02-08','1',NULL,'hcerda'), ('63','CGZH-50','14.461.020-2','70000','2013-02-01','1',NULL,'hcerda'), ('64','CGZH-50','14.461.020-2','70000','2013-02-15','1',NULL,'hcerda'), ('65','CVVH-46','12.954.858-4','45000','2013-02-01','1',NULL,'hcerda'), ('66','CVVH-46','12.954.858-4','45000','2013-02-06','1',NULL,'hcerda'), ('67','CVVH-46','12.954.858-4','52693','2013-02-07','4',NULL,'hcerda'), ('68','CVVH-46','12.954.858-4','140000','2013-02-07','1',NULL,'hcerda'), ('69','CVVH-46','12.954.858-4','270000','2013-02-11','1',NULL,'hcerda'), ('70','CVVH-46','12.954.858-4','180000','2013-02-18','1',NULL,'hcerda'), ('71','CWSJ-35','11.299.379-7','100000','2013-02-01','1',NULL,'hcerda'), ('72','CWSJ-35','11.299.379-7','100000','2013-02-15','1',NULL,'hcerda'), ('73','DGVD-44','8.572.164-K','130000','2013-02-01','1',NULL,'hcerda'), ('74','DGVD-44','8.572.164-K','40000','2013-02-13','1',NULL,'hcerda'), ('75','DGVD-44','8.572.164-K','90000','2013-02-15','1',NULL,'hcerda'), ('76','VT-0998','9.930.313-1','27500','2013-02-01','1',NULL,'hcerda'), ('77','VT-0998','9.930.313-1','27500','2013-02-15','1',NULL,'hcerda'), ('78','VY-0876','18.680.364-7','30000','2013-02-01','1',NULL,'hcerda'), ('79','YT-0547','11.332.262-4','30000','2013-02-01','1',NULL,'hcerda'), ('80','YT-0547','11.332.262-4','30000','2013-02-15','1',NULL,'hcerda'), ('81','VY-0877','9.567.268-K','37500','2013-02-01','1',NULL,'hcerda'), ('82','VY-0877','9.567.268-K','37500','2013-02-15','1',NULL,'hcerda'), ('83','YF-0185','11.592.004-9','35000','2013-02-01','1',NULL,'hcerda'), ('84','YF-0185','11.592.004-9','35000','2013-02-18','1',NULL,'hcerda'), ('85','TY-0608','9.296.449-3','48500','2013-02-01','1',NULL,'hcerda'), ('87','VY-0876','18.680.364-7','30000','2013-02-04','5',NULL,'hcerda'), ('88','YF-0185','11.592.004-9','7073','2013-02-11','5',NULL,'hcerda'), ('89','ZN-0246','15.061.453-8','40000','2013-02-01','1',NULL,'hcerda'), ('90','ZN-0246','15.061.453-8','40000','2013-02-15','1',NULL,'hcerda'), ('92','BVHT-85','7.098.518-7','67500','2013-02-01','1',NULL,'hcerda'), ('93','BVHT-85','7.098.518-7','37500','2013-02-15','1',NULL,'hcerda'), ('94','BVHT-85','7.098.518-7','30000','2013-02-20','1',NULL,'hcerda'), ('95','BBRX-49','14.416.046-0','67500','2013-02-01','1',NULL,'hcerda'), ('96','BBRX-49','14.416.046-0','37500','2013-02-15','1',NULL,'hcerda'), ('97','BBRX-49','14.416.046-0','38569','2013-02-15','5',NULL,'hcerda'), ('98','BTLX-90','12.038.159-8','70000','2013-02-01','1',NULL,'hcerda'), ('99','BTLX-90','12.038.159-8','70000','2013-02-15','1',NULL,'hcerda'), ('100','KW-2709','13.374.630-7','80000','2013-02-01','1',NULL,'hcerda'), ('101','KW-2709','13.374.630-7','31371','2013-02-15','5',NULL,'hcerda'), ('102','YF-0188','18.680.364-7','10000','2013-02-01','1',NULL,'hcerda'), ('103','YF-0188','18.680.364-7','30000','2013-02-18','1',NULL,'hcerda'), ('104','YZ-0231','10.429.927-K','30500','2013-02-01','1',NULL,'hcerda'), ('105','YZ-0231','10.429.927-K','30500','2013-02-15','1',NULL,'hcerda'), ('106','PW-9704','8.163.590-0','60000','2013-02-01','1',NULL,'hcerda'), ('107','PW-9704','8.163.590-0','60000','2013-02-15','1',NULL,'hcerda'), ('108','YY-4930','9.061.339-1','65000','2013-02-01','1',NULL,'hcerda'), ('109','YY-4930','9.061.339-1','31700','2013-02-14','5',NULL,'hcerda'), ('110','KW-2709','9.061.339-1','65000','2013-02-18','1',NULL,'hcerda'), ('111','CBGR-93','7.916.445-3','60000','2013-02-01','1',NULL,'hcerda'), ('112','CBGR-93','7.916.445-3','60000','2013-02-15','1',NULL,'hcerda'), ('113','CBGR-66','10.004.055-7','62500','2013-02-01','1',NULL,'hcerda'), ('114','CBGR-66','10.004.055-7','62500','2013-02-15','1',NULL,'hcerda'), ('115','CCFD-66','7.651.026-1','90000','2013-02-01','1',NULL,'hcerda'), ('116','CCFD-66','7.651.026-1','40000','2013-02-13','1',NULL,'hcerda'), ('117','CCFD-66','7.651.026-1','30000','2013-02-15','1',NULL,'hcerda'), ('118','CCFD-66','7.651.026-1','19000','2013-02-18','1',NULL,'hcerda'), ('119','CCFD-64','10.981.647-7','100000','2013-02-01','1',NULL,'hcerda'), ('120','CCFD-64','10.981.647-7','62999','2013-02-05','5',NULL,'hcerda'), ('121','CCFD-64','4.974.513-3','100000','2013-02-05','1',NULL,'hcerda'), ('122','CCFD-64','4.974.513-3','100000','2013-02-15','1',NULL,'hcerda'), ('123','CCFD-64','4.974.513-3','44000','2013-02-08','5',NULL,'hcerda'), ('124','CCFD-65','9.774.469-6','85000','2013-02-01','1',NULL,'hcerda'), ('125','CCFD-65','9.774.469-6','85000','2013-02-15','1',NULL,'hcerda'), ('126','CTGY-58','8.932.672-9','90000','2013-02-01','1',NULL,'hcerda'), ('127','CTGY-58','8.932.672-9','90000','2013-02-15','1',NULL,'hcerda'), ('128','CTGY-95','9.309.102-7','75000','2013-02-01','1',NULL,'hcerda'), ('129','CTGY-95','9.309.102-7','75000','2013-02-12','1',NULL,'hcerda'), ('130','CTVJ-66','11.384.637-2','70000','2013-02-01','1',NULL,'hcerda'), ('131','CTVJ-66','11.384.637-2','70000','2013-02-15','1',NULL,'hcerda'), ('132','CVHX-43','7.237.139-9','80000','2013-02-01','1',NULL,'hcerda'), ('133','CVHX-43','7.237.139-9','80000','2013-02-12','1',NULL,'hcerda'), ('134','CWWX-27','8.933.372-5','85000','2013-02-01','1',NULL,'hcerda'), ('135','CWWX-27','8.933.372-5','85000','2013-02-15','1',NULL,'hcerda'), ('136','DFHS-87','6.953.159-8','21000','2013-02-01','1',NULL,'hcerda'), ('137','DFHS-87','6.953.159-8','21000','2013-02-05','1',NULL,'hcerda'), ('138','BZKH-60','10.259.898-9','55000','2013-02-01','1',NULL,'hcerda'), ('139','BZKH-60','10.259.898-9','20000','2013-02-15','1',NULL,'hcerda'), ('140','BZKL-55','12.160.891-K','65000','2013-02-01','1',NULL,'hcerda'), ('141','BZKL-55','12.160.891-K','65000','2013-02-13','1',NULL,'hcerda'), ('142','BFTJ-20','16.102.216-9','88000','2013-02-01','1',NULL,'hcerda'), ('143','BFTJ-20','16.102.216-9','88000','2013-02-15','1',NULL,'hcerda'), ('144','BGHK-66','13.544.063-9','70000','2013-02-01','1',NULL,'hcerda'), ('145','BGHK-66','13.544.063-9','70000','2013-02-13','1',NULL,'hcerda'), ('146','BZKK-82','16.251.013-4','62500','2013-02-01','1',NULL,'hcerda'), ('147','BZKK-82','16.251.013-4','62500','2013-02-15','1',NULL,'hcerda'), ('148','WF-7710','7.297.052-7','75000','2013-02-01','1',NULL,'hcerda'), ('149','WF-7710','7.297.052-7','30000','2013-02-08','5',NULL,'hcerda'), ('150','WF-7710','7.297.052-7','20000','2013-02-11','5',NULL,'hcerda'), ('151','WF-7710','7.297.052-7','75000','2013-02-15','1',NULL,'hcerda'), ('152','KW-3135','8.289.904-9','60000','2013-02-01','1',NULL,'hcerda'), ('153','KW-3135','8.289.904-9','60000','2013-02-15','1',NULL,'hcerda');
INSERT INTO `cargas_vehiculos` VALUES ('154','YS-7092','7.767.374-1','75000','2013-02-01','1',NULL,'hcerda'), ('155','YS-7092','7.767.374-1','75000','2013-02-15','1',NULL,'hcerda'), ('156','FP-0167','9.067.237-1','40000','2013-02-01','1',NULL,'hcerda'), ('157','FP-0167','9.067.237-1','40000','2013-02-15','1',NULL,'hcerda'), ('158','TB-1854','8.191.539-3','46500','2013-02-01','1',NULL,'hcerda'), ('159','TB-1854','8.191.539-3','46500','2013-02-15','1',NULL,'hcerda'), ('160','SJ-3519','7.308.957-3','62500','2013-02-01','1',NULL,'hcerda'), ('161','KB-0774','10.591.629-9','30000','2013-02-01','1',NULL,'hcerda'), ('162','KB-0774','10.591.629-9','30000','2013-02-15','1',NULL,'hcerda'), ('163','DN-3609','7.757.016-0','60000','2013-02-01','1',NULL,'hcerda'), ('164','DN-3609','7.757.016-0','44000','2013-02-05','5',NULL,'hcerda'), ('165','DN-3609','10.514.918-2','30000','2013-02-07','1',NULL,'hcerda'), ('166','DN-3609','10.514.918-2','35000','2013-02-11','1',NULL,'hcerda'), ('167','DN-3609','10.514.918-2','15000','2013-02-15','1',NULL,'hcerda'), ('168','DN-3609','11.389.952-2','15000','2013-02-18','1',NULL,'hcerda'), ('169','RE-5833','8.480.965-9','72500','2013-02-01','1',NULL,'hcerda'), ('170','RE-5833','8.480.965-9','72500','2013-02-15','1',NULL,'hcerda'), ('171','YZ-0210','8.502.488-4','50000','2013-02-01','1',NULL,'hcerda'), ('172','YZ-0210','8.502.488-4','50000','2013-02-15','1',NULL,'hcerda'), ('173','YF-0172','7.391.883-9','27000','2013-02-01','1',NULL,'hcerda'), ('174','YF-0172','7.391.883-9','27000','2013-02-15','1',NULL,'hcerda'), ('175','SL-0508','7.147.066-0','55000','2013-02-01','1',NULL,'hcerda'), ('176','SL-0508','7.147.066-0','55000','2013-02-15','1',NULL,'hcerda'), ('177','XW-6285','6,900,724-4','70000','2013-02-01','1',NULL,'hcerda'), ('178','XW-6285','6,900,724-4','70000','2013-02-15','1',NULL,'hcerda'), ('179','BCHP-72','8.910.211-1','85000','2013-02-01','1',NULL,'hcerda'), ('180','BCHP-72','8.910.211-1','85000','2013-02-15','1',NULL,'hcerda'), ('181','WK-2336','15.097.833-5','60000','2013-02-01','1',NULL,'hcerda'), ('182','BWRY-19','8.298.387-2','80000','2013-02-01','1',NULL,'hcerda'), ('183','BWRY-19','8.298.387-2','80000','2013-02-15','1',NULL,'hcerda'), ('184','UP-4784','5.613.510-3','62500','2013-02-01','1',NULL,'hcerda'), ('185','UP-4784','5.613.510-3','62500','2013-02-15','1',NULL,'hcerda'), ('186','RD-4631','4.212.399-4','42000','2013-02-01','1',NULL,'hcerda'), ('187','RD-4631','4.212.399-4','42000','2013-02-15','1',NULL,'hcerda'), ('188','ZV-4336','7.069.804-8','75000','2013-02-01','1',NULL,'hcerda'), ('189','ZV-4336','7.069.804-8','75000','2013-02-05','5',NULL,'hcerda'), ('190','ZV-4336','15.555.403-7','75000','2013-02-15','1',NULL,'hcerda'), ('191','ZV-4336','15.555.403-7','75000','2013-02-20','5',NULL,'hcerda'), ('192','ZX-7442','6.777.495-7','95000','2013-02-01','1',NULL,'hcerda'), ('193','ZX-7442','6.777.495-7','95000','2013-02-15','1',NULL,'hcerda'), ('194','WW-1195','9.063.667-7','85000','2013-02-01','1',NULL,'hcerda'), ('195','WW-1195','9.063.667-7','85000','2013-02-14','1',NULL,'hcerda'), ('196','YD-9035','7.733.426-2','56000','2013-02-01','1',NULL,'hcerda'), ('197','YD-9035','7.733.426-2','56000','2013-02-15','1',NULL,'hcerda'), ('198','BFTG-53','9.302.326-9','50000','2013-02-01','1',NULL,'hcerda'), ('199','BFTG-53','9.302.326-9','50000','2013-02-15','1',NULL,'hcerda'), ('200','YD-9666','7.641.312-6','72500','2013-02-01','1',NULL,'hcerda'), ('201','YD-9666','7.641.312-6','20000','2013-02-20','1',NULL,'hcerda'), ('202','WH-9267','8.588.136-1','90000','2013-02-01','1',NULL,'hcerda'), ('203','WH-9267','8.588.136-1','90000','2013-02-15','1',NULL,'hcerda'), ('204','YH-8031','8.924.900-7','70000','2013-02-01','1',NULL,'hcerda'), ('205','YH-8031','8.924.900-7','20000','2013-02-15','1',NULL,'hcerda'), ('206','XZ-6072','10.552.433-1','80000','2013-02-01','1',NULL,'hcerda'), ('207','XZ-6072','10.552.433-1','80000','2013-02-15','1',NULL,'hcerda'), ('208','YH-8103','17.796.983-4','65000','2013-02-01','1',NULL,'hcerda'), ('209','YH-8103','17.796.983-4','65000','2013-02-15','1',NULL,'hcerda'), ('210','YL-7876','13.197.605-4','67500','2013-02-01','1',NULL,'hcerda'), ('211','YL-7876','13.197.605-4','67500','2013-02-15','1',NULL,'hcerda'), ('212','BCHX-76','9.442.995-1','61000','2013-02-01','1',NULL,'hcerda'), ('213','BCHX-76','9.442.995-1','61000','2013-02-08','1',NULL,'hcerda'), ('214','BFLJ-63','9.932.899-1','72500','2013-02-01','1',NULL,'hcerda'), ('215','BFLJ-63','9.932.899-1','72500','2013-02-15','1',NULL,'hcerda'), ('216','YR-2509','8.350.922-8','105000','2013-02-01','1',NULL,'hcerda'), ('217','YR-2509','8.350.922-8','132500','2013-02-15','1',NULL,'hcerda'), ('219','CGFG-35','11.624.593-0','40000','2013-02-04','1',NULL,'hcerda'), ('220','CGFG-35','11.624.593-0','160000','2013-02-08','1',NULL,'hcerda'), ('221','CGFG-35','11.624.593-0','170000','2013-02-12','1',NULL,'hcerda'), ('222','CGFG-35','11.624.593-0','40000','2013-02-15','1',NULL,'hcerda'), ('223','CGFG-35','11.624.593-0','200000','2013-02-19','1',NULL,'hcerda'), ('224','CGFG-35','11.624.593-0','35888','2013-02-13','4',NULL,'hcerda'), ('225','CJCC-51','13.634.674-1','50000','2013-02-01','1',NULL,'hcerda'), ('226','CJCC-51','13.634.674-1','45000','2013-02-06','1',NULL,'hcerda'), ('227','CJCC-51','13.634.674-1','110000','2013-02-07','1',NULL,'hcerda'), ('228','CJCC-51','13.634.674-1','350000','2013-02-08','1',NULL,'hcerda'), ('229','CJCC-51','13.634.674-1','40000','2013-02-15','1',NULL,'hcerda'), ('230','CJCC-51','13.634.674-1','180000','2013-02-19','1',NULL,'hcerda'), ('231','KL-0282','10.435.781-4','37500','2013-02-01','1',NULL,'hcerda'), ('232','KL-0282','10.435.781-4','32579','2013-02-04','5',NULL,'hcerda'), ('233','BJDV-62','10.597.439-6','67500','2013-02-01','1',NULL,'hcerda'), ('234','BJDV-62','10.597.439-6','67500','2013-02-15','1',NULL,'hcerda'), ('235','UJ-7178','13.109.445-0','70000','2013-02-01','1',NULL,'hcerda'), ('236','UJ-7178','13.109.445-0','70000','2013-02-15','1',NULL,'hcerda'), ('237','YD-9769','9.922.506-8','75000','2013-02-01','1',NULL,'hcerda'), ('238','YD-9769','9.922.506-8','75000','2013-02-15','1',NULL,'hcerda'), ('239','XT-8359','6.333.122-8','57500','2013-02-01','1',NULL,'hcerda'), ('240','XT-8359','6.333.122-8','57500','2013-02-15','1',NULL,'hcerda'), ('241','XN-1043','09.562-622-K','50000','2013-02-01','1',NULL,'hcerda'), ('242','XN-1043','09.562-622-K','50000','2013-02-13','1',NULL,'hcerda'), ('243','XN-2322','9.517.763-8','77500','2013-02-01','1',NULL,'hcerda'), ('244','XN-2322','9.517.763-8','48500','2013-02-15','1',NULL,'hcerda'), ('245','DJVG-90','9.933.549-1','75000','2013-02-01','1',NULL,'hcerda'), ('246','DJVG-90','9.933.549-1','75000','2013-02-15','1',NULL,'hcerda'), ('247','DJVG-91','6.888.286-9','80000','2013-02-01','1',NULL,'hcerda'), ('248','DJVG-91','6.888.286-9','80000','2013-02-15','1',NULL,'hcerda'), ('249','DVYP-41','9.078.125-1','65000','2013-02-01','1',NULL,'hcerda'), ('250','DVYP-41','9.078.125-1','65000','2013-02-15','1',NULL,'hcerda'), ('251','DVYP-43','8.942.943-9','65000','2013-02-01','1',NULL,'hcerda'), ('252','DVYP-43','8.942.943-9','65000','2013-02-15','1',NULL,'hcerda'), ('253','DVYP-40','7.554.410-3','55000','2013-02-01','1',NULL,'hcerda'), ('254','DVYP-40','7.554.410-3','19000','2013-02-15','1',NULL,'hcerda');
INSERT INTO `cargas_vehiculos` VALUES ('255','DVYP-40','7.554.410-3','5000','2013-02-18','5',NULL,'hcerda'), ('256','FGSB-11','11.402.127-K','75000','2013-02-05','1',NULL,'hcerda'), ('257','FGSB-11','11.402.127-K','75000','2013-02-15','1',NULL,'hcerda'), ('258','FHRY-35','9.291.914-5','50000','2013-02-01','1',NULL,'hcerda'), ('259','FHRY-35','9.291.914-5','50000','2013-02-15','1',NULL,'hcerda'), ('260','FKBG-51','15.555.403-7','50000','2013-02-01','1',NULL,'hcerda'), ('261','FKBG-51','15.555.403-7','50000','2013-02-15','1',NULL,'hcerda'), ('262','FKBG-47','7.757.016-0','44000','2013-02-05','1',NULL,'hcerda'), ('263','FKBG-47','7.757.016-0','60000','2013-02-15','1',NULL,'hcerda'), ('264','FKHG-73','10.981.647-7','100000','2013-02-14','1',NULL,'hcerda'), ('265','FKHG-74','7.069.804-8','105000','2013-02-14','1',NULL,'hcerda'), ('266','FFLY-90','9.329.265-0','50000','2013-02-01','1',NULL,'hcerda'), ('267','FFLY-90','9.329.265-0','50000','2013-02-18','1',NULL,'hcerda'), ('268','BFTG-53','9.302.326-9','50000','2013-02-20','1',NULL,'hcerda'), ('269','XN-1043','09.562-622-K','50000','2013-02-22','1',NULL,'hcerda'), ('270','DN-3609','11.389.952-2','15000','2013-02-22','1',NULL,'hcerda'), ('271','BLDP-59','13.650.808-3','20000','2013-02-22','1',NULL,'hcerda'), ('272','CJCC-51','13.634.674-1','120000','2013-02-22','1',NULL,'hcerda'), ('273','CGFG-35','11.624.593-0','160000','2013-02-22','1',NULL,'hcerda'), ('274','CVVH-46','12.954.858-4','40000','2013-02-25','1',NULL,'hcerda'), ('275','CJCC-51','13.634.674-1','40000','2013-02-25','1',NULL,'hcerda'), ('276','XN-2322','9.517.763-8','29000','2013-02-25','1',NULL,'hcerda'), ('277','DN-3609','11.389.952-2','15000','2013-02-25','1',NULL,'hcerda'), ('278','XT-8359','6.333.122-8','15000','2013-02-25','2','104',NULL), ('279','BZKK-82','16.251.013-4','20000','2013-02-25','2','107',NULL), ('280','DVYP-43','8.942.943-9','10000','2013-02-25','2','118',NULL), ('281','FKHG-73','10.981.647-7','10000','2013-02-25','2','117',NULL), ('282','WF-7710','7.297.052-7','20000','2013-02-25','2','116',NULL), ('283','CWWX-27','8.933.372-5','30000','2013-02-25','2','114',NULL), ('284','YF-0188','18.680.364-7','16000','2013-02-25','2','113',NULL), ('285','CVHX-43','7.237.139-9','25000','2013-02-25','2','111',NULL), ('286','BPYH-65','16.487.368-4','30000','2013-02-25','2','110',NULL), ('287','DGVD-44','8.572.164-K','60000','2013-02-25','2','109',NULL), ('288','RD-4631','4.212.399-4','4000','2013-02-25','2','108',NULL), ('289','KW-3135','8.289.904-9','19000','2013-02-25','2','106',NULL), ('290','FKHG-74','7.069.804-8','20000','2013-02-25','2','105',NULL), ('291','YD-9666','7.641.312-6','52500','2013-02-25','1',NULL,'hcerda'), ('292','BFTG-53','9.302.326-9','30000','2013-02-25','2','121',NULL), ('293','WW-1195','9.063.667-7','24000','2013-02-25','2','120',NULL), ('294','FKBG-51','15.555.403-7','25000','2013-02-25','2','119',NULL), ('295','CJCC-51','13.634.674-1','40000','2013-02-26','1',NULL,'hcerda'), ('296','YL-7876','13.197.605-4','32000','2013-02-26','5',NULL,'hcerda'), ('297','YL-7876','13.197.605-4','7000','2013-02-24','4',NULL,'hcerda'), ('298','YL-7876','13.197.605-4','25000','2013-02-25','4',NULL,'hcerda'), ('299','CTGY-58','8.932.672-9','14000','2013-02-26','2','127',NULL), ('300','ZX-7442','6.777.495-7','26000','2013-02-26','2','126',NULL), ('301','UP-4784','5.613.510-3','4000','2013-02-26','2','125',NULL), ('302','BTLX-90','12.038.159-8','8000','2013-02-26','2','124',NULL), ('303','BZKL-55','12.160.891-K','20000','2013-02-26','2','123',NULL), ('304','WW-1195','11.389.952-2','7000','2013-02-27','1',NULL,'hcerda'), ('305','CJCC-51','13.634.674-1','30000','2013-02-27','1',NULL,'hcerda'), ('306','CVVH-46','12.954.858-4','130000','2013-02-27','1',NULL,'hcerda'), ('307','CCFD-64','4.974.513-3','10000','2013-02-27','2','134',NULL), ('308','CCFD-65','9.774.469-6','5000','2013-02-27','2','133',NULL), ('309','FKHG-73','10.981.647-7','30000','2013-02-26','2','131',NULL), ('310','WH-9267','8.588.136-1','13000','2013-02-27','2','132',NULL), ('311','YR-2509','8.350.922-8','16000','2013-02-26','2','129',NULL), ('312','DFHS-87','14519895-k','70000','2013-02-27','1',NULL,'hcerda'), ('313','DN-3609','11.389.952-2','5000','2013-02-27','1',NULL,'hcerda'), ('314','DN-3609','11.389.952-2','10000','2013-02-28','1',NULL,'hcerda'), ('315','DFHS-87','14519895-k','30000','2013-02-27','2','136',NULL), ('316','CJCC-51','13.634.674-1','40000','2013-02-28','1',NULL,'hcerda'), ('317','DJVG-90','9.933.549-1','10922','2013-02-28','5',NULL,'hcerda'), ('318','DVYP-40','7.554.410-3','362','2013-02-28','5',NULL,'hcerda'), ('319','DVYP-41','9.078.125-1','4161','2013-02-28','5',NULL,'hcerda'), ('320','DVYP-43','8.942.943-9','164','2013-02-28','5',NULL,'hcerda'), ('321','FGSB-11','9.142.168-2','17620','2013-02-28','5',NULL,'hcerda'), ('322','FHRY-35','9.291.914-5','28834','2013-02-28','5',NULL,'hcerda'), ('323','FKHG-73','10.981.647-7','348','2013-02-28','5',NULL,'hcerda'), ('324','FFLY-90','9.329.265-0','12129','2013-02-28','5',NULL,'hcerda'), ('325','CZ-4987','4.319.694-4','32000','2013-03-01','1',NULL,'hcerda'), ('326','KN-3823','9.173.533-4','54000','2013-03-01','1',NULL,'hcerda'), ('327','BPYH-65','16.487.368-4','70000','2013-03-01','1',NULL,'hcerda'), ('328','WH-9177','8.158.456-7','90000','2013-03-01','1',NULL,'hcerda'), ('329','CGZH-50','14.461.020-2','70000','2013-03-01','1',NULL,'hcerda'), ('330','CWSJ-35','11.299.379-7','100000','2013-03-01','1',NULL,'hcerda'), ('331','DGVD-44','8.572.164-K','130000','2013-03-01','1',NULL,'hcerda'), ('332','VT-0998','9.930.313-1','27500','2013-03-01','1',NULL,'hcerda'), ('333','YT-0547','11.332.262-4','30000','2013-03-01','1',NULL,'hcerda'), ('334','VY-0877','9.567.268-K','37500','2013-03-01','1',NULL,'hcerda'), ('335','YF-0185','11.592.004-9','35000','2013-03-01','1',NULL,'hcerda'), ('336','TY-0608','9.296.449-3','48500','2013-03-01','1',NULL,'hcerda'), ('337','ZN-0246','15.061.453-8','40000','2013-03-01','1',NULL,'hcerda'), ('338','BVHT-85','7.098.518-7','67500','2013-03-01','1',NULL,'hcerda'), ('339','BTLX-90','12.038.159-8','70000','2013-03-01','1',NULL,'hcerda'), ('340','YF-0188','18.680.364-7','30000','2013-03-01','1',NULL,'hcerda'), ('341','YZ-0231','10.429.927-K','30500','2013-03-01','1',NULL,'hcerda'), ('342','PW-9704','8.163.590-0','60000','2013-03-01','1',NULL,'hcerda'), ('343','KW-2709','9.061.339-1','65000','2013-03-01','1',NULL,'hcerda'), ('344','CBGR-93','7.916.445-3','60000','2013-03-01','1',NULL,'hcerda'), ('345','CBGR-66','10.004.055-7','62500','2013-03-01','1',NULL,'hcerda'), ('346','CCFD-66','7.651.026-1','90000','2013-03-01','1',NULL,'hcerda'), ('347','CCFD-64','4.974.513-3','100000','2013-03-01','1',NULL,'hcerda'), ('348','CCFD-65','9.774.469-6','85000','2013-03-01','1',NULL,'hcerda'), ('349','CTGY-58','8.932.672-9','90000','2013-03-01','1',NULL,'hcerda'), ('350','CTGY-95','9.309.102-7','75000','2013-03-01','1',NULL,'hcerda'), ('351','CTVJ-66','11.384.637-2','70000','2013-03-01','1',NULL,'hcerda'), ('352','CVHX-43','7.237.139-9','80000','2013-03-01','1',NULL,'hcerda'), ('353','CWWX-27','8.933.372-5','85000','2013-03-01','1',NULL,'hcerda'), ('354','BZKH-60','10.259.898-9','55000','2013-03-01','1',NULL,'hcerda');
INSERT INTO `cargas_vehiculos` VALUES ('355','BZKL-55','12.160.891-K','65000','2013-03-01','1',NULL,'hcerda'), ('356','BFTJ-20','16.102.216-9','88000','2013-03-01','1',NULL,'hcerda'), ('357','BGHK-66','13.544.063-9','70000','2013-03-01','1',NULL,'hcerda'), ('358','BZKK-82','16.251.013-4','62500','2013-03-01','1',NULL,'hcerda'), ('359','WF-7710','7.297.052-7','75000','2013-03-01','1',NULL,'hcerda'), ('360','KW-3135','8.289.904-9','60000','2013-03-01','1',NULL,'hcerda'), ('361','YS-7092','7.767.374-1','75000','2013-03-01','1',NULL,'hcerda'), ('362','FP-0167','9.067.237-1','40000','2013-03-01','1',NULL,'hcerda'), ('363','TB-1854','8.191.539-3','46500','2013-03-01','1',NULL,'hcerda'), ('364','KB-0774','10.591.629-9','30000','2013-03-01','1',NULL,'hcerda'), ('365','RE-5833','8.480.965-9','72500','2013-03-01','1',NULL,'hcerda'), ('366','YZ-0210','8.502.488-4','50000','2013-03-01','1',NULL,'hcerda'), ('367','YF-0172','7.391.883-9','27000','2013-03-01','1',NULL,'hcerda'), ('368','SL-0508','7.147.066-0','55000','2013-03-01','1',NULL,'hcerda'), ('369','XW-6285','6,900,724-4','70000','2013-03-01','1',NULL,'hcerda'), ('370','BCHP-72','8.910.211-1','85000','2013-03-01','1',NULL,'hcerda'), ('371','WK-2336','17.643.113-k','60000','2013-03-01','1',NULL,'hcerda'), ('372','BWRY-19','8.298.387-2','80000','2013-03-01','1',NULL,'hcerda'), ('373','UP-4784','5.613.510-3','62500','2013-03-01','1',NULL,'hcerda'), ('374','RD-4631','4.212.399-4','42000','2013-03-01','1',NULL,'hcerda'), ('375','ZX-7442','6.777.495-7','95000','2013-03-01','1',NULL,'hcerda'), ('376','YD-9035','7.733.426-2','56000','2013-03-01','1',NULL,'hcerda'), ('377','BFTG-53','9.302.326-9','75000','2013-03-01','1',NULL,'hcerda'), ('378','YD-9666','7.641.312-6','72500','2013-03-01','1',NULL,'hcerda'), ('379','WH-9267','8.588.136-1','90000','2013-03-01','1',NULL,'hcerda'), ('380','YH-8031','8.924.900-7','70000','2013-03-01','1',NULL,'hcerda'), ('381','XZ-6072','10.552.433-1','80000','2013-03-01','1',NULL,'hcerda'), ('382','YH-8103','17.796.983-4','65000','2013-03-01','1',NULL,'hcerda'), ('383','YL-7876','13.197.605-4','67500','2013-03-01','1',NULL,'hcerda'), ('384','BCHX-76','9.442.995-1','61000','2013-03-01','1',NULL,'hcerda'), ('385','BFLJ-63','9.932.899-1','72500','2013-03-01','1',NULL,'hcerda'), ('386','YR-2509','8.350.922-8','132500','2013-03-01','1',NULL,'hcerda'), ('387','CJCC-51','13.634.674-1','40000','2013-03-01','1',NULL,'hcerda'), ('388','KL-0282','10.435.781-4','37500','2013-03-01','1',NULL,'hcerda'), ('389','BJDV-62','10.597.439-6','67500','2013-03-01','1',NULL,'hcerda'), ('390','UJ-7178','13.109.445-0','70000','2013-03-01','1',NULL,'hcerda'), ('391','YD-9769','9.922.506-8','75000','2013-03-01','1',NULL,'hcerda'), ('392','XT-8359','6.333.122-8','57500','2013-03-01','1',NULL,'hcerda'), ('393','XN-1043','09.562-622-K','75000','2013-03-01','1',NULL,'hcerda'), ('394','XN-2322','9.517.763-8','77500','2013-03-01','1',NULL,'hcerda'), ('395','DJVG-90','9.933.549-1','75000','2013-03-01','1',NULL,'hcerda'), ('396','DJVG-91','6.888.286-9','80000','2013-03-01','1',NULL,'hcerda'), ('397','DVYP-41','9.078.125-1','65000','2013-03-01','1',NULL,'hcerda'), ('398','DVYP-43','8.942.943-9','65000','2013-03-01','1',NULL,'hcerda'), ('399','DVYP-40','7.554.410-3','55000','2013-03-01','1',NULL,'hcerda'), ('400','FGSB-11','9.142.168-2','75000','2013-03-01','1',NULL,'hcerda'), ('401','FHRY-35','9.291.914-5','50000','2013-03-01','1',NULL,'hcerda'), ('402','FKBG-51','15.555.403-7','50000','2013-03-01','1',NULL,'hcerda'), ('403','FKBG-47','7.757.016-0','60000','2013-03-01','1',NULL,'hcerda'), ('404','FKHG-73','10.981.647-7','100000','2013-03-01','1',NULL,'hcerda'), ('405','FKHG-74','7.069.804-8','90000','2013-03-01','1',NULL,'hcerda'), ('406','FLJC-78','14.416.046-0','67500','2013-03-01','1',NULL,'hcerda'), ('407','FFLY-90','9.329.265-0','50000','2013-03-01','1',NULL,'hcerda'), ('408','CVVH-46','12.954.858-4','60000','2013-03-04','1',NULL,'hcerda'), ('410','DN-3609','11.389.952-2','15000','2013-03-04','1',NULL,'hcerda'), ('411','CJCC-51','13.634.674-1','250000','2013-03-02','1',NULL,'hcerda'), ('412','WW-1195','11.624.593-0','10000','2013-03-04','1',NULL,'hcerda'), ('413','CVVH-46','12.954.858-4','15000','2013-03-05','1',NULL,'hcerda'), ('416','CVVH-46','12.954.858-4','40000','2013-03-05','1',NULL,'hcerda'), ('417','WW-1195','16.102.216-9','85000','2013-03-05','1',NULL,'hcerda'), ('418','WW-1195','16.102.216-9','24000','2013-03-05','2','146',NULL), ('419','CTGY-58','8.932.672-9','14000','2013-03-05','2','145',NULL), ('420','CBGR-93','7.916.445-3','14000','2013-03-04','2','144',NULL), ('421','YR-2509','8.350.922-8','16000','2013-03-04','2','143',NULL), ('422','FKBG-47','7.757.016-0','5000','2013-03-04','2','142',NULL), ('423','FKHG-74','7.069.804-8','10000','2013-03-04','2','141',NULL), ('424','XT-8359','6.333.122-8','16000','2013-03-04','2','140',NULL), ('425','ZN-0246','15.061.453-8','5000','2013-02-28','2','137',NULL), ('426','BPYH-65','16.487.368-4','40000','2013-02-07','2','40',NULL), ('427','CGZH-50','14.461.020-2','28000','2013-02-12','2','41',NULL), ('428','CGZH-50','14.461.020-2','14000','2013-02-19','2','42',NULL), ('429','BPYH-65','16.487.368-4','40000','2013-02-19','2','43',NULL), ('430','CWSJ-35','11.299.379-7','30000','2013-02-11','2','44',NULL), ('431','CWSJ-35','11.299.379-7','8000','2013-02-14','2','45',NULL), ('432','VY-0876','18.680.364-7','6000','2013-02-06','2','46',NULL), ('433','YF-0188','18.680.364-7','20000','2013-02-04','2','47',NULL), ('434','YF-0188','18.680.364-7','10000','2013-02-11','2','48',NULL), ('435','YF-0188','18.680.364-7','3000','2013-02-13','2','49',NULL), ('436','CBGR-93','7.916.445-3','14000','2013-02-05','2','50',NULL), ('437','CCFD-64','4.974.513-3','44000','2013-02-05','2','51',NULL), ('438','CCFD-65','9.774.469-6','10000','2013-02-06','2','52',NULL), ('439','CCFD-65','9.774.469-6','32000','2013-02-12','2','53',NULL), ('440','CCFD-65','9.774.469-6','5000','2013-02-14','2','54',NULL), ('441','CCFD-65','9.774.469-6','5000','2013-02-20','2','55',NULL), ('442','CTGY-58','8.932.672-9','14000','2013-02-01','2','56',NULL), ('443','CTGY-58','8.932.672-9','14000','2013-02-05','2','57',NULL), ('444','CTGY-58','8.932.672-9','14000','2013-02-12','2','58',NULL), ('445','CTGY-58','8.932.672-9','14000','2013-02-19','2','59',NULL), ('446','CTGY-95','9.309.102-7','30000','2013-02-08','2','60',NULL), ('447','CTGY-95','9.309.102-7','20000','2013-02-11','2','61',NULL), ('448','CTVJ-66','11.384.637-2','12000','2013-02-13','2','63',NULL), ('449','CWWX-27','8.933.372-5','16000','2013-02-08','2','64',NULL), ('450','CWWX-27','8.933.372-5','38000','2013-02-13','2','65',NULL), ('451','BZKL-55','12.160.891-K','20000','2013-02-13','2','66',NULL), ('452','TB-1854','8.191.539-3','10000','2013-02-04','2','67',NULL), ('453','DN-3609','7.757.016-0','5000','2013-02-04','2','68',NULL), ('454','UP-4784','5.613.510-3','5000','2013-02-05','2','69',NULL), ('455','UP-4784','5.613.510-3','8000','2013-02-19','2','70',NULL), ('456','RD-4631','4.212.399-4','4000','2013-02-11','2','71',NULL), ('457','ZV-4336','7.069.804-8','12000','2013-02-05','2','72',NULL);
INSERT INTO `cargas_vehiculos` VALUES ('458','ZV-4336','15.555.403-7','20000','2013-02-11','2','73',NULL), ('459','ZX-7442','6.777.495-7','13000','2013-02-04','2','74',NULL), ('460','ZX-7442','6.777.495-7','8000','2013-02-07','2','75',NULL), ('461','ZX-7442','6.777.495-7','13000','2013-02-08','2','76',NULL), ('462','ZX-7442','6.777.495-7','13000','2013-02-15','2','77',NULL), ('463','YD-9666','7.641.312-6','13000','2013-02-12','2','78',NULL), ('464','YD-9666','7.641.312-6','13000','2013-02-20','2','79',NULL), ('465','WH-9267','8.588.136-1','13000','2013-02-04','2','80',NULL), ('466','WH-9267','8.588.136-1','13000','2013-02-07','2','81',NULL), ('467','WH-9267','8.588.136-1','13000','2013-02-07','2','81',NULL), ('468','WH-9267','8.588.136-1','13000','2013-02-07','2','81',NULL), ('469','WH-9267','8.588.136-1','13000','2013-02-07','2','81',NULL), ('470','WH-9267','8.588.136-1','13000','2013-02-07','2','81',NULL), ('471','WH-9267','8.588.136-1','13000','2013-02-07','2','81',NULL), ('472','WH-9267','8.588.136-1','13000','2013-02-20','2','82',NULL), ('473','WH-9267','8.588.136-1','13000','2013-02-07','2','81',NULL), ('474','WH-9267','8.588.136-1','13000','2013-02-07','2','81',NULL), ('475','YL-7876','13.197.605-4','20000','2013-02-05','2','83',NULL), ('476','YR-2509','8.350.922-8','16000','2013-02-12','2','84',NULL), ('477','YR-2509','8.350.922-8','7000','2013-02-12','2','85',NULL), ('478','YR-2509','8.350.922-8','16000','2013-02-19','2','86',NULL), ('479','UJ-7178','13.109.445-0','25000','2013-02-14','2','87',NULL), ('480','XT-8359','6.333.122-8','20000','2013-02-04','2','88',NULL), ('481','XT-8359','6.333.122-8','14000','2013-02-11','2','89',NULL), ('482','XT-8359','6.333.122-8','20000','2013-02-20','2','90',NULL), ('483','XT-8359','6.333.122-8','20000','2013-02-20','2','90',NULL), ('484','DVYP-41','9.078.125-1','14000','2013-02-08','2','91',NULL), ('485','FGSB-11','11.402.127-K','60000','2013-02-01','2','92',NULL), ('486','FKBG-51','15.555.403-7','18000','2013-02-12','2','93',NULL), ('487','FKBG-47','7.757.016-0','5000','2013-02-11','2','94',NULL), ('488','FKBG-47','7.757.016-0','5000','2013-02-18','2','95',NULL), ('489','FKHG-73','10.981.647-7','5000','2013-02-18','2','96',NULL), ('490','CVHX-43','7.237.139-9','50000','2013-02-20','2','97',NULL), ('491','CJCC-51','13.634.674-1','40000','2013-03-06','1',NULL,'hcerda'), ('492','CVVH-46','12.954.858-4','40000','2013-03-06','1',NULL,'hcerda'), ('493','DN-3609','11.389.952-2','10000','2013-03-06','1',NULL,'hcerda'), ('494','KW-2709','08.262.438-4','50000','2013-03-07','1',NULL,'hcerda'), ('495','CVVH-46','12.954.858-4','40000','2013-03-07','1',NULL,'hcerda'), ('496','BPYH-65','16.487.368-4','40000','2013-03-06','2','152',NULL), ('497','CGZH-50','14.461.020-2','14000','2013-03-06','2','151',NULL), ('498','WH-9267','8.588.136-1','13000','2013-03-06','2','150',NULL), ('499','CCFD-65','9.774.469-6','5000','2013-03-06','2','149',NULL), ('500','CWWX-27','8.933.372-5','32000','2013-03-06','2','148',NULL), ('501','BCHX-76','9.442.995-1','40000','2013-02-21','2','98',NULL), ('502','BCHX-76','9.442.995-1','10000','2013-02-21','2','99',NULL), ('503','CZ-4987','4.319.694-4','15000','2013-02-22','2','100',NULL), ('504','BPYH-65','16.487.368-4','30000','2013-02-22','2','101',NULL), ('505','DVYP-41','9.078.125-1','14000','2013-02-22','2','102',NULL), ('506','CCFD-66','7.651.026-1','30000','2013-02-22','2','103',NULL), ('507','CTVJ-66','11.384.637-2','12000','2013-02-25','2','112',NULL), ('508','CTGY-95','9.309.102-7','20000','2013-02-25','2','115',NULL), ('509','CCFD-64','4.974.513-3','44000','2013-02-25','2','122',NULL), ('510','CBGR-93','7.916.445-3','14000','2013-02-26','2','130',NULL), ('511','BCHX-76','9.442.995-1','10000','2013-02-27','2','135',NULL), ('512','DGVD-44','8.572.164-K','5120','2013-03-01','2','138',NULL), ('513','CVHX-43','7.237.139-9','30000','2013-03-01','2','139',NULL), ('514','CJCC-51','13.634.674-1','200000','2013-03-07','1',NULL,'hcerda'), ('515','DN-3609','11.389.952-2','10000','2013-02-08','1',NULL,'hcerda'), ('516','CJCC-51','13.634.674-1','350000','2013-03-08','1',NULL,'hcerda'), ('517','CVVH-46','12.954.858-4','200000','2013-03-08','1',NULL,'hcerda'), ('518','BJDV-62','10.597.439-6','15000','2013-03-11','5',NULL,'hcerda'), ('519','ZX-7442','6.777.495-7','13000','2013-03-08','2','153',NULL), ('520','ZX-7442','6.777.495-7','13000','2013-03-08','2','153',NULL), ('521','DVYP-41','9.078.125-1','14000','2013-03-08','2','154',NULL), ('522','BGHK-66','13.544.063-9','40000','2013-03-11','2','155',NULL), ('523','CTGY-95','9.309.102-7','75000','2013-03-11','1',NULL,'hcerda'), ('524','CTVJ-66','11.384.637-2','12000','2013-03-11','2','156',NULL), ('525','CCFD-64','4.974.513-3','40000','2013-03-11','2','157',NULL), ('528','BJDV-62','10.597.439-6','26920','2013-02-28','5',NULL,'hcerda'), ('529','BCHP-72','8.910.211-1','918','2013-02-28','5',NULL,'hcerda'), ('530','BWRY-19','8.298.387-2','14446','2013-02-28','5',NULL,'hcerda'), ('531','WK-2336','17.643.113-k','4934','2013-02-28','5',NULL,'hcerda'), ('532','CGFG-35','11.624.593-0','33720','2013-02-28','5',NULL,'hcerda'), ('533','KB-0774','10.591.629-9','14297','2013-02-28','5',NULL,'hcerda'), ('534','RE-5833','8.480.965-9','10499','2013-02-28','5',NULL,'hcerda'), ('535','SL-0508','7.147.066-0','3360','2013-02-28','5',NULL,'hcerda'), ('536','UP-4784','5.613.510-3','12110','2013-02-28','5',NULL,'hcerda'), ('537','YD-9666','7.641.312-6','21','2013-02-28','5',NULL,'hcerda'), ('538','YF-0172','7.391.883-9','21363','2013-02-28','5',NULL,'hcerda'), ('539','YH-8031','8.924.900-7','2040','2013-02-28','5',NULL,'hcerda'), ('540','YL-7876','13.197.605-4','441','2013-02-28','5',NULL,'hcerda'), ('541','WW-1195','16.102.216-9','497','2013-02-28','5',NULL,'hcerda'), ('542','BZKH-60','10.259.898-9','15011','2013-02-28','5',NULL,'hcerda'), ('543','BZKL-55','12.160.891-K','120','2013-02-28','5',NULL,'hcerda'), ('544','PW-9704','8.163.590-0','4840','2013-02-28','5',NULL,'hcerda'), ('545','WF-7710','7.297.052-7','11196','2013-02-28','5',NULL,'hcerda'), ('546','YF-0188','18.680.364-7','5227','2013-02-28','5',NULL,'hcerda'), ('547','YZ-0231','10.429.927-K','11566','2013-02-28','5',NULL,'hcerda'), ('548','CBGR-66','10.004.055-7','890','2013-02-28','5',NULL,'hcerda'), ('549','CGZH-50','14.461.020-2','20998','2013-02-28','5',NULL,'hcerda'), ('550','DGVD-44','8.572.164-K','5120','2013-02-28','5',NULL,'hcerda'), ('551','TY-0608','9.296.449-3','18142','2013-02-28','5',NULL,'hcerda'), ('552','VY-0877','9.567.268-K','17','2013-02-28','5',NULL,'hcerda'), ('553','WH-9177','8.158.456-7','33773','2013-02-28','5',NULL,'hcerda'), ('554','YT-0547','11.332.262-4','17867','2013-02-28','5',NULL,'hcerda'), ('555','CVVH-46','12.954.858-4','220000','2013-03-11','1',NULL,'hcerda'), ('556','TB-1854','8.191.539-3','20000','2013-03-11','2','158',NULL), ('557','UP-4784','5.613.510-3','8000','2013-03-11','2','159',NULL), ('558','DN-3609','11.389.952-2','15000','2013-03-12','1',NULL,'hcerda'), ('559','XT-8359','6.333.122-8','14000','2013-03-12','2','160',NULL);
INSERT INTO `cargas_vehiculos` VALUES ('560','FKHG-74','7.069.804-8','10000','2013-03-12','2','161',NULL), ('561','FKHG-74','7.069.804-8','20000','2013-03-12','2','162',NULL), ('562','CZ-4987','4.319.694-4','18000','2013-03-12','2','163',NULL), ('563','BTLX-90','12.038.159-8','5000','2013-03-12','2','164',NULL), ('564','CGZH-50','14.461.020-2','28000','2013-03-12','2','165',NULL), ('565','CTGY-58','8.932.672-9','14000','2013-03-12','2','166',NULL), ('566','BPYH-65','16.487.368-4','38000','2013-03-12','2','167',NULL), ('567','FKHG-73','10.981.647-7','30000','2013-03-12','2','168',NULL), ('568','ZX-7442','6.777.495-7','13000','2013-03-12','2','169',NULL), ('569','BZKL-55','12.160.891-K','20000','2013-03-12','2','170',NULL), ('570','DGVD-44','8.572.164-K','130000','2013-03-12','1',NULL,'hcerda'), ('571','CVHX-43','7.237.139-9','30000','2013-03-12','2','173',NULL), ('572','YR-2509','8.350.922-8','16000','2013-03-13','2','175',NULL), ('573','BBRX-49','11.402.127-K','27915','2013-03-13','5',NULL,'hcerda'), ('574','BBRX-49','11.402.127-K','30000','2013-03-01','1',NULL,'hcerda'), ('575','BBRX-49','11.402.127-K','40000','2013-03-11','1',NULL,'hcerda'), ('576','FP-0167','9.067.237-1','6000','2013-03-13','2','174',NULL), ('577','TB-1854','8.191.539-3','10000','2013-03-13','2','176',NULL), ('578','CWWX-27','8.933.372-5','16000','2013-03-13','2','177',NULL), ('579','FKHG-73','10.981.647-7','35000','2013-03-13','2','178',NULL), ('580','BCHX-76','9.442.995-1','20000','2013-03-13','2','179',NULL), ('581','BFTG-53','9.302.326-9','35000','2013-03-13','2','180',NULL), ('582','CVVH-46','12.954.858-4','140000','2013-03-16','1',NULL,'hcerda'), ('583','CJCC-51','13.634.674-1','190000','2013-03-16','1',NULL,'hcerda'), ('584','CZ-4987','4.319.694-4','32000','2013-03-18','1',NULL,'hcerda'), ('585','KN-3823','9.173.533-4','54000','2013-03-18','1',NULL,'hcerda'), ('586','BLDP-59','13.650.808-3','0','2013-03-18','1',NULL,'hcerda'), ('587','BPYH-65','16.487.368-4','70000','2013-03-18','1',NULL,'hcerda'), ('588','CGZH-50','14.461.020-2','70000','2013-03-18','1',NULL,'hcerda'), ('589','CVVH-46','12.954.858-4','0','2013-03-18','1',NULL,'hcerda'), ('590','CWSJ-35','11.299.379-7','100000','2013-03-18','1',NULL,'hcerda'), ('591','DGVD-44','8.572.164-K','0','2013-03-18','1',NULL,'hcerda'), ('592','WH-9177','8.158.456-7','90000','2013-03-18','1',NULL,'hcerda'), ('593','TY-0608','9.296.449-3','48500','2013-03-18','1',NULL,'hcerda'), ('594','VT-0998','9.930.313-1','27500','2013-03-18','1',NULL,'hcerda'), ('595','VY-0877','9.567.268-K','37500','2013-03-18','1',NULL,'hcerda'), ('596','YF-0185','11.592.004-9','35000','2013-03-18','1',NULL,'hcerda'), ('597','YT-0547','11.332.262-4','30000','2013-03-18','1',NULL,'hcerda'), ('598','ZN-0246','15.061.453-8','40000','2013-03-18','1',NULL,'hcerda'), ('599','BBRX-49','11.402.127-K','0','2013-03-18','1',NULL,'hcerda'), ('600','BTLX-90','12.038.159-8','70000','2013-03-18','1',NULL,'hcerda'), ('601','BVHT-85','7.098.518-7','67500','2013-03-18','1',NULL,'hcerda'), ('602','KW-2709','8216299-2','80000','2013-03-18','1',NULL,'hcerda'), ('603','PW-9704','8.163.590-0','60000','2013-03-18','1',NULL,'hcerda'), ('604','YF-0188','18.680.364-7','30000','2013-03-18','1',NULL,'hcerda'), ('605','YZ-0231','10.429.927-K','30500','2013-03-18','1',NULL,'hcerda'), ('606','CBGR-66','10.004.055-7','62500','2013-03-18','1',NULL,'hcerda'), ('607','CBGR-93','7.916.445-3','60000','2013-03-18','1',NULL,'hcerda'), ('608','CCFD-64','4.974.513-3','100000','2013-03-18','1',NULL,'hcerda'), ('609','CCFD-65','9.774.469-6','85000','2013-03-18','1',NULL,'hcerda'), ('610','CCFD-66','7.651.026-1','90000','2013-03-18','1',NULL,'hcerda'), ('611','CTGY-58','8.932.672-9','90000','2013-03-18','1',NULL,'hcerda'), ('612','CTGY-95','9.309.102-7','0','2013-03-18','1',NULL,'hcerda'), ('613','CTVJ-66','11.384.637-2','70000','2013-03-18','1',NULL,'hcerda'), ('614','CVHX-43','7.237.139-9','80000','2013-03-18','1',NULL,'hcerda'), ('615','CWWX-27','8.933.372-5','85000','2013-03-18','1',NULL,'hcerda'), ('616','BGHK-66','13.544.063-9','70000','2013-03-18','1',NULL,'hcerda'), ('617','BZKH-60','10.259.898-9','55000','2013-03-18','1',NULL,'hcerda'), ('618','BZKK-82','16.251.013-4','62500','2013-03-18','1',NULL,'hcerda'), ('619','BZKL-55','12.160.891-K','65000','2013-03-18','1',NULL,'hcerda'), ('620','WF-7710','7.297.052-7','75000','2013-03-18','1',NULL,'hcerda'), ('621','YS-7092','7.767.374-1','75000','2013-03-18','1',NULL,'hcerda'), ('622','DN-3609','11.389.952-2','0','2013-03-18','1',NULL,'hcerda'), ('623','FP-0167','9.067.237-1','40000','2013-03-18','1',NULL,'hcerda'), ('624','KB-0774','10.591.629-9','30000','2013-03-18','1',NULL,'hcerda'), ('625','KW-3135','8.289.904-9','60000','2013-03-18','1',NULL,'hcerda'), ('626','RE-5833','8.480.965-9','72500','2013-03-18','1',NULL,'hcerda'), ('627','SJ-3519','7.308.957-3','0','2013-03-18','1',NULL,'hcerda'), ('628','SL-0508','7.147.066-0','55000','2013-03-18','1',NULL,'hcerda'), ('629','TB-1854','8.191.539-3','46500','2013-03-18','1',NULL,'hcerda'), ('630','YF-0172','7.391.883-9','27000','2013-03-18','1',NULL,'hcerda'), ('631','YZ-0210','8.502.488-4','50000','2013-03-18','1',NULL,'hcerda'), ('632','BCHP-72','8.910.211-1','85000','2013-03-18','1',NULL,'hcerda'), ('633','BWRY-19','08.262.438-4','80000','2013-03-18','1',NULL,'hcerda'), ('634','WK-2336','17.643.113-k','0','2013-03-18','1',NULL,'hcerda'), ('635','XW-6285','6,900,724-4','70000','2013-03-18','1',NULL,'hcerda'), ('636','UP-4784','5.613.510-3','62500','2013-03-18','1',NULL,'hcerda'), ('637','RD-4631','4.212.399-4','42000','2013-03-18','1',NULL,'hcerda'), ('638','BCHX-76','9.442.995-1','61000','2013-03-18','1',NULL,'hcerda'), ('639','BFLJ-63','9.932.899-1','72500','2013-03-18','1',NULL,'hcerda'), ('640','BFTG-53','9.302.326-9','75000','2013-03-18','1',NULL,'hcerda'), ('641','CGFG-35','11.624.593-0','0','2013-03-18','1',NULL,'hcerda'), ('642','CJCC-51','13.634.674-1','0','2013-03-18','1',NULL,'hcerda'), ('643','WH-9267','8.588.136-1','90000','2013-03-18','1',NULL,'hcerda'), ('644','XZ-6072','10.552.433-1','80000','2013-03-18','1',NULL,'hcerda'), ('645','YD-9035','7.733.426-2','0','2013-03-18','1',NULL,'hcerda'), ('646','YD-9666','7.641.312-6','72500','2013-03-18','1',NULL,'hcerda'), ('647','YH-8031','8.924.900-7','70000','2013-03-18','1',NULL,'hcerda'), ('648','YH-8103','17.796.983-4','65000','2013-03-18','1',NULL,'hcerda'), ('649','YL-7876','13.197.605-4','67500','2013-03-18','1',NULL,'hcerda'), ('650','YR-2509','8.350.922-8','132500','2013-03-18','1',NULL,'hcerda'), ('651','ZX-7442','6.777.495-7','95000','2013-03-18','1',NULL,'hcerda'), ('652','BJDV-62','10.597.439-6','67500','2013-03-18','1',NULL,'hcerda'), ('653','UJ-7178','13.109.445-0','70000','2013-03-18','1',NULL,'hcerda'), ('654','XN-1043','09.562-622-K','75000','2013-03-18','1',NULL,'hcerda'), ('655','XN-2322','8.298.387-2','77500','2013-03-18','1',NULL,'hcerda'), ('656','XT-8359','6.333.122-8','57500','2013-03-18','1',NULL,'hcerda'), ('657','YD-9769','9.922.506-8','75000','2013-03-18','1',NULL,'hcerda'), ('658','DJVG-90','9.933.549-1','75000','2013-03-18','1',NULL,'hcerda'), ('659','DJVG-91','6.888.286-9','80000','2013-03-18','1',NULL,'hcerda');
INSERT INTO `cargas_vehiculos` VALUES ('660','DVYP-40','7.554.410-3','55000','2013-03-18','1',NULL,'hcerda'), ('661','DVYP-41','9.078.125-1','65000','2013-03-18','1',NULL,'hcerda'), ('662','DVYP-43','8.942.943-9','65000','2013-03-18','1',NULL,'hcerda'), ('663','FGSB-11','9.142.168-2','75000','2013-03-18','1',NULL,'hcerda'), ('664','FHRY-35','9.291.914-5','50000','2013-03-18','1',NULL,'hcerda'), ('665','FKBG-47','7.757.016-0','60000','2013-03-18','1',NULL,'hcerda'), ('666','FKBG-51','15.555.403-7','50000','2013-03-18','1',NULL,'hcerda'), ('667','DJVG-90','9.933.549-1','0','2013-03-18','1',NULL,'hcerda'), ('668','DJVG-91','6.888.286-9','0','2013-03-18','1',NULL,'hcerda'), ('669','DVYP-40','7.554.410-3','0','2013-03-18','1',NULL,'hcerda'), ('670','DVYP-41','9.078.125-1','0','2013-03-18','1',NULL,'hcerda'), ('671','DVYP-43','8.942.943-9','0','2013-03-18','1',NULL,'hcerda'), ('672','FFLY-90','9.329.265-0','50000','2013-03-18','1',NULL,'hcerda'), ('673','FGSB-11','9.142.168-2','0','2013-03-18','1',NULL,'hcerda'), ('674','FHRY-35','9.291.914-5','0','2013-03-18','1',NULL,'hcerda'), ('675','FKBG-47','7.757.016-0','0','2013-03-18','1',NULL,'hcerda'), ('676','FKBG-51','15.555.403-7','0','2013-03-18','1',NULL,'hcerda'), ('677','FKHG-74','7.069.804-8','90000','2013-03-15','1',NULL,'hcerda'), ('678','FLJC-78','14.416.046-0','67500','2013-03-15','1',NULL,'hcerda'), ('679','YY-4930','9.061.339-1','65000','2013-03-15','1',NULL,'hcerda'), ('680','DFHS-87','14.519.895-K','70000','2013-03-15','1',NULL,'hcerda'), ('681','XN-1043','09.562-622-K','15000','2013-03-14','2','182',NULL), ('682','YF-0185','11.592.004-9','5000','2013-03-14','2','183',NULL), ('683','XT-8359','6.333.122-8','25000','2013-03-14','2','181',NULL), ('684','CJCC-51','13.634.674-1','20000','2013-03-15','1',NULL,'hcerda'), ('685','CVVH-46','12.954.858-4','130000','2013-03-18','1',NULL,'hcerda'), ('686','BBRX-49','11.402.127-K','30000','2013-03-19','1',NULL,'ehanglin'), ('687','CJCC-51','13.634.674-1','45000','2013-03-19','1',NULL,'ehanglin'), ('689','CTGY-58','8.932.672-9','14000','2013-03-19','2','190',NULL), ('690','DN-3609','11.389.952-2','15000','2013-03-18','2','188',NULL), ('691','BZKL-55','12.160.891-K','10000','2013-03-18','2','187',NULL), ('692','CBGR-93','7.916.445-3','14000','2013-03-18','2','185',NULL), ('693','CGZH-50','14.461.020-2','14000','2013-03-18','2','191',NULL), ('694','UJ-7178','13.109.445-0','42000','2013-03-19','2','192',NULL), ('695','CGFG-35','11.624.593-0','120000','2013-03-20','1',NULL,'ehanglin'), ('696','DN-3609','11.389.952-2','15000','2013-03-20','2','193',NULL), ('697','FKBG-47','7.757.016-0','10000','2013-03-20','2','194',NULL), ('698','FKBG-47','7.757.016-0','10000','2013-03-20','2','195',NULL), ('699','WW-1195','16.102.216-9','20000','2013-03-20','2','196',NULL), ('700','DVYP-41','9.078.125-1','14000','2013-03-21','2','199',NULL), ('701','XN-1043','09.562-622-K','8000','2013-03-21','2','201',NULL), ('702','DN-3609','11.389.952-2','15000','2013-03-21','2','200',NULL), ('703','XW-6285','6,900,724-4','15000','2013-03-21','2','202',NULL), ('704','FKBG-47','7.757.016-0','5000','2013-03-21','2','203',NULL);
INSERT INTO `compra_combustible` VALUES ('5','hcerda'), ('6','hcerda'), ('7','hcerda'), ('8','hcerda'), ('9','hcerda'), ('10','hcerda'), ('11','hcerda'), ('12','hcerda'), ('13','hcerda'), ('14','ssilva'), ('15','ssilva'), ('16','hcerda'), ('17','hcerda'), ('18','hcerda');
INSERT INTO `correos` VALUES ('4','Javier Ruz','','jruz@cyonley.com'), ('5','Samuel Silva','','ssilva@cyonley.com'), ('6','Jose Garrido','','jgarrido@cyonley.com');
INSERT INTO `departamentos` VALUES ('1','Casa Matriz'), ('2','Boleta');
INSERT INTO `detalle_compra_combustible` VALUES ('25483','3','11','79595450','2013-01-31','5','1'), ('25000','2','12','79595450','2013-01-31','5','1'), ('140647','1','13','79595450','2013-01-31','5','1'), ('5620','2','14','79595450','2013-01-31','5','2'), ('101532','3','15','76112370','2013-01-31','6','1'), ('15925','2','16','76112370','2013-01-31','6','1'), ('60836','1','17','76112370','2013-01-31','6','1'), ('89890','3','18','76112370','2013-01-31','6','2'), ('127036','2','19','76112370','2013-01-31','6','2'), ('7000','4','20','78748930','2013-01-31','7','1'), ('21946','3','21','78748930','2013-01-31','7','1'), ('114064','2','22','78748930','2013-01-31','7','1'), ('35132','1','23','78748930','2013-01-31','7','1'), ('29083','3','24','78748930','2013-01-31','7','2'), ('32','2','25','78748930','2013-01-31','7','2'), ('403831','4','26','8265044','2013-01-31','8','1'), ('33001','3','27','8265044','2013-01-31','8','1'), ('42696','2','28','8265044','2013-01-31','8','1'), ('57113','1','29','8265044','2013-01-31','8','1'), ('71197','3','30','8265044','2013-01-31','8','2'), ('20442','2','31','8265044','2013-01-31','8','2'), ('124752','1','32','8265044','2013-01-31','8','2'), ('93943','3','33','76161124','2013-01-31','9','1'), ('30000','1','34','76161124','2013-01-31','9','1'), ('45000','3','35','79595450','2013-02-01','10','1'), ('20000','2','36','79595450','2013-02-01','10','1'), ('375000','2','37','76112370','2013-02-01','10','1'), ('1150000','3','38','76112370','2013-02-01','10','1'), ('1300000','1','39','76112370','2013-02-01','10','1'), ('475000','2','40','76112370','2013-02-01','10','2'), ('425000','3','41','76112370','2013-02-01','10','2'), ('440000','2','42','78748930','2013-02-01','10','1'), ('35000','3','43','78748930','2013-02-01','10','1'), ('85000','4','44','78748930','2013-02-01','10','1'), ('2265000','1','45','78748930','2013-02-01','10','1'), ('220000','2','46','78748930','2013-02-01','10','2'), ('295000','3','47','78748930','2013-02-01','10','2'), ('60000','2','48','8265044','2013-02-01','10','1'), ('425000','1','49','8265044','2013-02-01','10','1'), ('30000','2','50','8265044','2013-02-01','10','2'), ('30000','3','51','8265044','2013-02-01','10','2'), ('510000','3','52','76161124','2013-02-01','10','1'), ('70000','1','53','76161124','2013-02-01','10','1'), ('100000','1','54','76112370','2013-02-11','11','1'), ('32000','2','55','79595450','2013-02-13','11','1'), ('210000','3','56','76161124','2013-02-13','11','1'), ('210000','3','57','76161124','2013-02-14','11','1'), ('20000','2','58','79595450','2013-02-15','12','1'), ('50000','3','59','79595450','2013-02-15','12','1'), ('150000','2','60','76112370','2013-02-15','12','1'), ('600000','3','61','76112370','2013-02-15','12','1'), ('1050000','1','62','76112370','2013-02-15','12','1'), ('250000','2','63','76112370','2013-02-15','12','2'), ('350000','3','64','76112370','2013-02-15','12','2'), ('300000','2','65','78748930','2013-02-15','12','1'), ('50000','3','66','78748930','2013-02-15','12','1'), ('75000','4','67','78748930','2013-02-15','12','1'), ('1950000','1','68','78748930','2013-02-15','12','1'), ('40000','2','69','78748930','2013-02-15','12','2'), ('210000','3','70','78748930','2013-02-15','12','2'), ('350000','1','71','8265044','2013-02-15','12','1'), ('25000','3','72','8265044','2013-02-15','12','2'), ('600000','3','73','8265044','2013-02-15','12','1'), ('50000','3','74','76161124','2013-02-25','13','1'), ('50000','3','75','76112370','2013-02-25','13','1'), ('50000','3','76','76112370','2013-02-26','13','1'), ('100000','3','77','76112370','2013-02-27','13','1'), ('25483','3','78','79595450','2013-01-31','14','1'), ('25000','2','79','79595450','2013-01-31','14','1'), ('140647','1','80','79595450','2013-01-31','14','1'), ('5620','3','81','79595450','2013-01-31','14','2'), ('60836','1','82','76112370','2013-01-31','15','1'), ('101532','3','83','76112370','2013-01-31','15','1'), ('89890','3','84','76112370','2013-01-31','15','2'), ('15925','2','85','76112370','2013-01-31','15','1'), ('127036','2','86','76112370','2013-01-31','15','2'), ('30000','2','87','79595450','2013-03-01','16','1'), ('45000','3','88','79595450','2013-03-01','16','1'), ('80000','2','89','76112370','2013-03-01','16','1'), ('1010000','3','90','76112370','2013-03-01','16','1'), ('910000','1','91','76112370','2013-03-01','16','1'), ('190000','2','92','76112370','2013-03-01','16','2'), ('345000','3','93','76112370','2013-03-01','16','2'), ('380000','2','94','78748930','2013-03-01','16','1'), ('30000','3','95','78748930','2013-03-01','16','1'), ('35000','4','96','78748930','2013-03-01','16','1'), ('2070000','1','97','78748930','2013-03-01','16','1'), ('140000','2','98','78748930','2013-03-01','16','2'), ('215000','3','99','78748930','2013-03-01','16','2'), ('330000','1','100','8265044','2013-03-01','16','1'), ('30000','3','101','8265044','2013-03-01','16','2'), ('870000','3','102','76161124','2013-03-01','16','1'), ('40000','1','103','76161124','2013-03-01','16','1'), ('160000','2','104','76112370','2013-03-07','17','2'), ('100000','1','105','76112370','2013-03-11','17','1'), ('15000','2','106','79595450','2013-03-12','18','1'), ('30000','1','107','8265044','2013-03-12','18','1');
INSERT INTO `detalle_reparacion` VALUES ('1',NULL,'2','555','5555'), ('2',NULL,'2','555','5555'), ('3','3','2','555','5555'), ('4','3','2','555','5555'), ('5','3','2','555','5555'), ('6','4','2','0','0'), ('7','4','3','0','0'), ('8','4','3','0','0'), ('9','5','0','0','0'), ('10','6','0','0','0'), ('11','7','0','0','0'), ('12','8','8','11','110'), ('13','8','8','11','110'), ('14','8','8','11','110'), ('15','8','8','11','110'), ('16','8','8','11','110'), ('17','9','8','11','110'), ('18','9','8','11','110'), ('19','9','8','11','110'), ('20','9','8','11','110'), ('21','9','8','11','110'), ('22','10','7','3500','1'), ('23','10','10','16250','2'), ('24','10','13','14000','1'), ('25','10','16','2000','2'), ('27','11','7','3500','1'), ('28','11','8','10000','1'), ('29','11','9','14500','1'), ('30','11','10','16250','2'), ('31','11','11','11875','8'), ('32','11','12','32000','1'), ('33','11','13','14000','1'), ('34','11','14','98000','1'), ('35','11','15','16500','1'), ('36','11','15','18000','1'), ('37','12','18','19000','1'), ('38','13','19','71230','1'), ('39','14','20','33500','2'), ('40','14','21','250','2'), ('41','14','22','2500','2'), ('42','14','23','13000','1'), ('43','15','20','34536','1'), ('44','16','20','2','47890'), ('45','17','7','1111','110'), ('46','17','7','1111','110'), ('47','17','7','1111','110'), ('48','17','7','1111','110'), ('49','18','20','69899','2'), ('50','18','22','2500','2'), ('51','18','23','10001','1'), ('52','18','20','69900','2'), ('53','18','20','10000','1'), ('54','19','20','22567','2'), ('55','19','20','43186','2'), ('56','20','20','26200','2'), ('57','21','20','47890','2');
INSERT INTO `empresas` VALUES ('1','76112370','SOL Y VALLE','','','','','','','','','',''), ('2','78748930','YONLEY','','','','','','','','','',''), ('3','11330825','JESSICA YAÑEZ ALARCON','','','','','','','','','',''), ('4','8265044','JOSE GARRIDO CACERES','','','','','','','','','',''), ('5','76161124','SOC. DE TRANSP. QUALITY RENT A CAR LTDA.','','','','','','','','','',''), ('6','79595450','TRANSPORTES YONLEY','','','','','','','','','','');
INSERT INTO `empresas_aseguradoras` VALUES ('1','PRIMERA'), ('2','SEGUNDA'), ('3','TERCERA');
INSERT INTO `envio_correos` VALUES ('','0','0'), ('jruz@cyonley.com','30','3'), ('ssilva@cyonley.com','30','1');
INSERT INTO `envio_correos_rev_tec` VALUES ('','0','0'), ('jruz@cyonley.com','30','3'), ('ssilva@cyonley.com','30','1');
INSERT INTO `estados_vehiculos` VALUES ('1','Activo'), ('2','Inactivo');
INSERT INTO `mantenedores` VALUES ('1','tipo_combustible','Tipos de Combustible'), ('6','vehiculos','Vehiculos'), ('7','personas','Trabajadores'), ('9','tipo_carga_comb','Tipos Carga de Combustible'), ('10','usuarios','Usuarios'), ('11','perfiles','Perfiles'), ('12','menues','Menus'), ('13','menues_hijos','Sub Menus'), ('14','empresas_aseguradoras','Empresas Aseguradoras'), ('15','tipo_vehiculo','Tipos de Vehiculos'), ('16','correos','Correos'), ('17','repuestos','Repuestos'), ('18','mecanicos','Mecanicos');
INSERT INTO `mecanicos` VALUES ('3','JOSE OLIVARES BERMUDES','1-1','QUILPUE','2924074','A'), ('4','JOSE ARREDONDO','1-1','VALPARAISO','85722641','A'), ('5','PEDRO BARRIENTOS CEREZO','1-1','PLACILLA','77930541','A'), ('6','PATRICIO DIAZ GRANIFFO','1-1','VALPARAISO','0','A');
INSERT INTO `menues` VALUES ('3','Combustible','1','1'), ('4','Informes','1','2'), ('5','Mantenedores','1','3'), ('6','Seguridad','1','4'), ('7','Vehiculos','1','0'), ('9','Reparaciones','1','1'), ('10','Correos','99','3'), ('11','Seguros','1','2');
INSERT INTO `menues_hijos` VALUES ('15','6','Cambio de Clave','sg_cambio_clave.php','1','1','SI'), ('16','6','Cerrar Sesión','sg_cerrar_sesion.php','1','2','SI'), ('17','5','Vehiculos','sg_mant_tablas.php?tbl=vehiculos','1','1','SI'), ('19','5','Tipos de Combustible','sg_mant_tablas.php?tbl=tipo_combustible','50','3','SI'), ('20','5','Trabajadores','sg_mant_tablas.php?tbl=personas','1','4','SI'), ('22','3','Ingresar Carga de Combustible','sg_vehiculos_ingresar_carga.php','1','1','SI'), ('23','5','Tipos de Carga de Combustible','sg_mant_tablas.php?tbl=tipo_carga_comb','50','2','SI'), ('24','4','Informe Cargas Ingresadas','sg_informe_cargas_ingresadas.php','1','1','SI'), ('25','5','Usuarios del Sistema','sg_mant_tablas.php?tbl=usuarios','50','98','SI'), ('26','5','Perfiles de Usuarios','sg_mant_tablas.php?tbl=perfiles','99','99','SI'), ('28','5','Menus','sg_mant_tablas.php?tbl=menues','99','96','SI'), ('29','5','Sub menus','sg_mant_tablas.php?tbl=menues_hijos','99','97','SI'), ('31','5','Empresas Aseguradoras','sg_mant_tablas.php?tbl=empresas_aseguradoras','1','8','SI'), ('32','3','Asignacion de Cupo','sg_vehiculos_cupos_vehiculos.php','1','2','SI'), ('33','5','Tipos Vehiculos','sg_mant_tablas.php?tbl=tipo_vehiculo','50','10','SI'), ('34','7','Asignacion de vehiculos','sg_vehiculo_asociar_pv.php','1','1','SI'), ('35','4','Informe Asignacion de Cupos','sg_informe_asignacion_cupo.php','1','2','SI'), ('36','5','Correos','sg_mant_tablas.php?tbl=correos','99','11','SI'), ('37','3','Listado de cargas extras autorizadas pendientes','sg_combustible_ce_penau.php','1','3','SI'), ('38','3','Compra Combustible','sg_combustible_compra_combustible.php','1','4','SI'), ('39','4','Informe Compra Combustibles','sg_informe_compra_combustibles.php','1','3','SI'), ('40','4','Informe Estado de Cuentas','sg_informe_estado_cuenta.php','1','4','SI'), ('41','4','Informe Presupuesto Cargas','sg_informe_presupuesto_cargas.php','1','5','SI'), ('43','4','Informe Boletas Ingresadas','sg_informe_boletas_ingresadas.php','1','7','SI'), ('44','5','Carga Masiva Vehiculos','sg_mantenedor_carga_masiva_vehiculo.php','99','94','SI'), ('45','5','Carga Masiva Trabajador','sg_mantenedor_carga_masiva_trabajador.php','99','95','SI'), ('46','5','Mecanicos','sg_mant_tablas.php?tbl=mecanicos','1','15','SI'), ('47','5','Repuestos','sg_mant_tablas.php?tbl=repuestos','1','16','SI'), ('49','9','Ingresar Reparacion','sg_reparaciones_ingreso.php','1','1','SI'), ('50','4','Informe Reparaciones','sg_informe_reparaciones.php','1','10','SI'), ('51','4','Informe Seguros','sg_informe_seguros.php','1','11','SI'), ('52','10','Aviso de Seguros','sg_correos_aviso_seguro.php','99','1','SI'), ('53','10','Aviso Revision Tecnica','sg_correos_aviso_revision_tecnica.php','1','2','SI'), ('54','5','Departamentos','sg_mant_tablas.php?tbl=departamentos','50','20','SI'), ('55','3','Carga Multiple','sg_combustible_carga_multiple.php','1','10','SI'), ('56','11','Ingresar Cuota Seguro','sg_seguros_ingresar.php','1','1','SI'), ('57','11','Ingreso de Siniestros','sg_seguros_siniestros.php','1','2','SI'), ('58','4','Informe Siniestros','sg_infome_siniestros.php','1','7','SI');
INSERT INTO `meses` VALUES ('1','Enero'), ('2','Febrero'), ('3','Marzo'), ('4','Abril'), ('5','Mayo'), ('6','Junio'), ('7','Julio'), ('8','Agosto'), ('9','Septiembre'), ('10','Octubre'), ('11','Noviembre'), ('12','Diciembre');
INSERT INTO `perfiles` VALUES ('1','99','Super Administrador','Tiene una vision completa del sistema'), ('2','1','Usuario','USUARIO DEL SISTEMA. VISUALIZA E INGRESA DATOS AL SISTEMA'), ('3','50','Administrador','Administra el sistema');
INSERT INTO `persona_tiene_cupos` VALUES ('4.319.694-4','64000','2013-02-12','hcerda'), ('9.173.533-4','108000','2013-02-19','hcerda'), ('16.487.368-4','140000','2013-02-19','hcerda'), ('8.158.456-7','180000','2013-02-19','hcerda'), ('13.650.808-3','170000','2013-02-19','hcerda'), ('14.461.020-2','140000','2013-02-19','hcerda'), ('12.954.858-4','1000000','2013-02-19','hcerda'), ('11.299.379-7','200000','2013-02-19','hcerda'), ('8.572.164-K','260000','2013-02-19','hcerda'), ('9.930.313-1','55000','2013-02-19','hcerda'), ('18.680.364-7','60000','2013-02-19','hcerda'), ('11.332.262-4','60000','2013-02-19','hcerda'), ('9.567.268-K','75000','2013-02-19','hcerda'), ('11.592.004-9','70000','2013-02-19','hcerda'), ('9.296.449-3','97000','2013-02-19','hcerda'), ('15.061.453-8','80000','2013-02-19','hcerda'), ('7.098.518-7','135000','2013-02-19','hcerda'), ('14.416.046-0','135000','2013-02-19','hcerda'), ('12.038.159-8','140000','2013-02-19','hcerda'), ('10.429.927-K','61000','2013-02-19','hcerda'), ('8.163.590-0','120000','2013-02-19','hcerda'), ('9.061.339-1','130000','2013-02-19','hcerda'), ('7.916.445-3','120000','2013-02-19','hcerda'), ('10.004.055-7','125000','2013-02-19','hcerda'), ('7.651.026-1','180000','2013-02-19','hcerda'), ('4.974.513-3','200000','2013-02-19','hcerda'), ('9.774.469-6','170000','2013-02-19','hcerda'), ('8.932.672-9','180000','2013-02-19','hcerda'), ('9.309.102-7','150000','2013-02-19','hcerda'), ('11.384.637-2','140000','2013-02-19','hcerda'), ('7.237.139-9','160000','2013-02-19','hcerda'), ('8.933.372-5','170000','2013-02-19','hcerda'), ('6.953.159-8','84000','2013-02-19','hcerda'), ('10.259.898-9','110000','2013-02-19','hcerda'), ('12.160.891-K','130000','2013-02-19','hcerda'), ('16.102.216-9','176000','2013-02-19','hcerda'), ('13.544.063-9','140000','2013-02-19','hcerda'), ('16.251.013-4','125000','2013-02-19','hcerda'), ('7.297.052-7','150000','2013-02-19','hcerda'), ('8.289.904-9','120000','2013-02-19','hcerda'), ('7.767.374-1','150000','2013-02-19','hcerda'), ('9.067.237-1','80000','2013-02-19','hcerda'), ('8.191.539-3','93000','2013-02-19','hcerda'), ('7.308.957-3','125000','2013-02-19','hcerda'), ('10.591.629-9','60000','2013-02-19','hcerda'), ('8.480.965-9','145000','2013-02-19','hcerda'), ('8.502.488-4','100000','2013-02-19','hcerda'), ('7.391.883-9','54000','2013-02-19','hcerda'), ('7.147.066-0','110000','2013-02-19','hcerda'), ('6,900,724-4','140000','2013-02-19','hcerda'), ('8.910.211-1','170000','2013-02-19','hcerda'), ('15.097.833-5','120000','2013-02-19','hcerda'), ('8.298.387-2','160000','2013-02-19','hcerda'), ('5.613.510-3','125000','2013-02-19','hcerda'), ('4.212.399-4','84000','2013-02-19','hcerda'), ('6.777.495-7','190000','2013-02-19','hcerda'), ('9.063.667-7','170000','2013-02-19','hcerda'), ('7.733.426-2','112000','2013-02-19','hcerda'), ('9.302.326-9','150000','2013-02-19','hcerda'), ('7.641.312-6','145000','2013-02-19','hcerda'), ('8.588.136-1','180000','2013-02-19','hcerda'), ('8.924.900-7','140000','2013-02-19','hcerda'), ('10.552.433-1','160000','2013-02-19','hcerda'), ('17.796.983-4','130000','2013-02-19','hcerda'), ('13.197.605-4','135000','2013-02-19','hcerda'), ('9.442.995-1','122000','2013-02-19','hcerda'), ('9.932.899-1','145000','2013-02-19','hcerda'), ('8.350.922-8','265000','2013-02-19','hcerda'), ('11.624.593-0','1000000','2013-02-19','hcerda'), ('13.634.674-1','1000000','2013-02-19','hcerda'), ('10.597.439-6','135000','2013-02-19','hcerda'), ('13.109.445-0','140000','2013-02-19','hcerda'), ('9.922.506-8','150000','2013-02-19','hcerda'), ('6.333.122-8','115000','2013-02-19','hcerda'), ('09.562-622-K','150000','2013-02-19','hcerda'), ('9.517.763-8','155000','2013-02-19','hcerda'), ('9.933.549-1','150000','2013-02-19','hcerda'), ('6.888.286-9','160000','2013-02-19','hcerda'), ('9.078.125-1','130000','2013-02-19','hcerda'), ('8.942.943-9','130000','2013-02-19','hcerda'), ('7.554.410-3','110000','2013-02-19','hcerda'), ('9.291.914-5','100000','2013-02-19','hcerda'), ('15.555.403-7','100000','2013-02-19','hcerda'), ('7.757.016-0','120000','2013-02-19','hcerda'), ('10.981.647-7','200000','2013-02-19','hcerda'), ('7.069.804-8','180000','2013-02-19','hcerda'), ('9.329.265-0','100000','2013-02-19','hcerda'), ('15.126.287-2','100000','2013-02-19','AROJAS'), ('13.374.630-7','160000','2013-02-20','hcerda'), ('10.435.781-4','75000','2013-02-20','hcerda'), ('11.402.127-K','150000','2013-02-20','hcerda'), ('14519895-k','140000','2013-02-27','hcerda'), ('17.643.113-k','120000','2013-03-01','hcerda'), ('14.519.895-K','140000','2013-03-18','hcerda');
INSERT INTO `personas` VALUES ('4','15.126.287-2','Javier','Ruz','Gonzalez','SI','SI','1234'), ('101','11.402.127-K','Hugo','Abarzua','Fuentealba','SI','SI','6366'), ('102','8.480.965-9','Hector','Alfaro','Lagos','SI','','0'), ('103','15.555.403-7','Jose','Almonacid','Valenzuela','SI','','0'), ('104','8.064.570-8','Arturo','Alvarado','Velasquez','SI',NULL,NULL), ('105','7.651.026-1','Juan','Alvarez','Pizarro','SI',NULL,NULL), ('106','9.434.060-8','Arturo','Aracena','Olguin','SI',NULL,NULL), ('107','7.098.518-7','Ruben','Araya','Saavedra','SI',NULL,NULL), ('108','4.319.694-4','Guillermo','Arratia','Armijo','SI',NULL,NULL), ('109','7.733.426-2','Eugenio','Bahamondes','Torres','SI',NULL,NULL), ('110','8.924.900-7','Alexis','Balladares','Morales','SI',NULL,NULL), ('111','7.308.957-3','Manuel','Balladares','Morales','SI',NULL,NULL), ('112','9.774.469-6','Enrique','Banados','Leiro','SI',NULL,NULL), ('113','9.930.313-1','Tomas','Bravo','Morales','SI',NULL,NULL), ('114','11.388.786-9','Claudio','Bustamante','Lobos','SI',NULL,NULL), ('115','9.061.339-1','Ananias','Bustamate','Yeges','SI',NULL,NULL), ('116','9.063.667-7','Gustavo','Caballeria','Jaramillo','SI',NULL,NULL), ('117','10.004.055-7','Pedro','Caceres','Gomez','SI',NULL,NULL), ('118','10.591.629-9','Ricardo','Calderon','Medina','SI',NULL,NULL), ('119','16.487.368-4','Pablo','Caroca','Garrido','SI',NULL,NULL), ('120','10.259.898-9','Ramon','Carroza','Cofre','SI',NULL,NULL), ('121','7.147.066-0','Mario','Cerda','Gonzalez','SI',NULL,NULL), ('122','9.296.449-3','Omar','Cerda','Gonzalez','SI',NULL,NULL), ('123','6.333.122-8','Carlos','Chamorro','Silva','SI',NULL,NULL), ('124','8.158.456-7','Miguel','Contreras','Ferrada','SI',NULL,NULL), ('125','18.680.364-7','Josue','Contreras','Mendez','SI',NULL,NULL), ('126','13.197.605-4','Vladimir','Contreras','Valenzuela','SI','','4070'), ('127','11.384.637-2','Javier','Cortes','Cortes','SI',NULL,NULL), ('128','14.461.020-2','Marco','Cortes','Donoso','SI',NULL,NULL), ('129','13.650.808-3','Alejandro','Cortes','Guzman','SI',NULL,NULL), ('130','9.142.168-2','Mauricio','Cuello','Guerra','SI',NULL,NULL), ('131','9.291.914-5','Enrique','Droguett','Rojas','SI',NULL,NULL), ('132','12.954.858-4','Luis','Fernandez','Carpio','SI',NULL,NULL), ('133','9.551.967-9','Fermin','Fernandez','Fuenzalida','SI',NULL,NULL), ('134','7.554.410-3','Alvaro','Figueroa','Medina','SI',NULL,NULL), ('135','7.641.312-6','Rolando','Flores','Bravo','SI',NULL,NULL), ('136','7.237.139-9','Jaime','Fuenzalida','Farias','SI',NULL,NULL), ('137','13.109.445-0','Ricardo','Gaete','Gutierrez','SI',NULL,NULL), ('138','6.953.159-8','Lucia','Garrido','Caceres','SI',NULL,NULL), ('139','8.502.488-4','Juan','Gaubert','Ramos','SI',NULL,NULL), ('140','11.592.004-9','Jose','Godoy','Gayoso','SI',NULL,NULL), ('141','9.922.506-8','Hector','Gonzalez','Nunez','SI',NULL,NULL), ('142','5.613.510-3','Mario','Guerra','Munoz','SI',NULL,NULL), ('143','9.067.237-1','Mario','Guerrero','Martinez','SI',NULL,NULL), ('144','17.796.983-4','Raul','Jana','Aliaga','SI',NULL,NULL), ('145','11.299.379-7','Jose','Jarpa','Cartes','SI',NULL,NULL), ('146','12.160.891-K','Luis','Jarpa','Cortes','SI',NULL,NULL), ('147','7.757.016-0','Patricio','Jill','Zuniga','SI',NULL,NULL), ('148','4.212.399-4','Manuel','Jorquera','Nunez','SI',NULL,NULL), ('149','7.916.445-3','Rodolfo','Leiva','Torrealba','SI',NULL,NULL), ('150','8.350.922-8','Galo','Letelier','Margarit','SI',NULL,NULL), ('151','8.588.136-1','Miguel','Lobos','Miranda','SI',NULL,NULL), ('152','8.163.590-0','Juan','Lopez','Olivares','SI',NULL,NULL), ('153','8.572.164-K','Jorge','Lopez','Osorio','SI',NULL,NULL), ('154','8.933.372-5','Felix','Marchant','Valle','SI',NULL,NULL), ('155','11.332.262-4','Marcos','Meza','Palacios','SI',NULL,NULL), ('156','7.069.804-8','Tristan','Munoz','Fuentes','SI',NULL,NULL), ('157','13.544.063-9','Francisco','Munoz','Gil','SI',NULL,NULL), ('158','9.933.549-1','Leonel','Nieto','Olivares','SI',NULL,NULL), ('159','9.078.125-1','Sergio','Nieto','Olivares','SI',NULL,NULL), ('160','4.974.513-3','Jose','Nunez','Bolbaran','SI',NULL,NULL), ('161','8.298.387-2','Roberto','Nunez','Fabier','SI',NULL,NULL), ('162','6,900,724-4','Bernardo','Oliva','Ayala','SI',NULL,NULL), ('163','9.517.763-8','Victor','Olivares','Leon','SI',NULL,NULL), ('164','10.429.927-K','Ivan','Olmos','Maturana','SI',NULL,NULL), ('165','9.567.268-K','Edison','Ortega','Perez','SI',NULL,NULL), ('166','6.777.495-7','Julio','Osorio','Ciuffardi','SI',NULL,NULL), ('167','15.097.833-5','Juan','Pacheco','Vasquez','SI',NULL,NULL), ('168','8.932.672-9','Eloisa','Pereira','Veas','SI',NULL,NULL), ('169','11.624.593-0','Gabriel','Ponce','Fernandez','SI',NULL,NULL), ('170','7.391.883-9','Arturo','Quiroga','Gutierrez','SI',NULL,NULL), ('171','15.061.453-8','Miguel','Rios','Becerra','SI',NULL,NULL), ('172','12.038.159-8','Marcelo','Riveros','Bravo','SI',NULL,NULL), ('173','10.597.439-6','Raul','Roblero','Astorga','SI',NULL,NULL), ('174','16.102.216-9','Claudio','Robles','Venegas','SI',NULL,NULL), ('175','8.910.211-1','Alfredo','Rojas','Alvarez','SI',NULL,NULL), ('176','17.643.113-k','Alejandro','Rojas','Carvajal','SI',NULL,NULL), ('177','9.329.265-0','Carlos','Rojas','Vera','SI',NULL,NULL), ('178','9.442.995-1','Jorge','Rojas','vera','SI',NULL,NULL), ('179','9.309.102-7','Juana','Salgado','Daniel','SI',NULL,NULL), ('180','10.435.781-4','Fernando','Silva','Villarroel','SI',NULL,NULL), ('181','16.251.013-4','Roberto','Soto','Moreno','SI',NULL,NULL), ('182','8.942.943-9','Jose','Tabilo','Olguin','SI',NULL,NULL), ('183','10.981.647-7','Jose','Torres','Millahueque','SI',NULL,NULL), ('184','9.932.899-1','Ivan','Troncoso','Leverone','SI',NULL,NULL), ('185','9.302.326-9','Pablo','Troncoso','Leverone','SI',NULL,NULL), ('186','7.297.052-7','Sergio','Troncoso','Leverone','SI',NULL,NULL), ('187','14.416.046-0','Cristian','Ugalde','Valdebenito','SI',NULL,NULL), ('188','13.634.674-1','Claudio','Valdebenito','Celedon','SI',NULL,NULL), ('189','10.552.433-1','Arnoldo','Valero','Gallardo','SI',NULL,NULL), ('190','6.781.593-9','Nibaldo','Vergara','Villarroel','SI',NULL,NULL), ('191','7.767.374-1','Jaime','Vicencio','Lizama','SI',NULL,NULL), ('192','6.888.286-9','Mauricio','Vicencio','Lizama','SI',NULL,NULL), ('193','9.173.533-4','Julio','Villanea','Cabrera','SI',NULL,NULL), ('194','8.289.904-9','Eduardo','Villegas','Orellana','SI',NULL,NULL), ('195','8.191.539-3','Hilda','Zuniga','Mena','SI',NULL,NULL), ('196','09.562-622-K','Guillermo','Leiva','Nuñez','SI','','0'), ('197','13.374.630-7','Jose','Fuentes','Morales','SI','','8109'), ('198','10.514.918-2','Moises','Cuello','Saa','SI','','8644'), ('199','11.389.952-2','Cesar','Hormazabal','Sanzana','SI','','8644');
INSERT INTO `personas` VALUES ('200','14.519.895-K','Jaime','Valdes','Aravena','SI','','0'), ('201','08.262.438-4','Felix','Canelo','Cofre','SI','','0'), ('202','8265044-K','JOSE LUIS ','GARRIDO','CACERES','SI','','0'), ('203','8216299-2','Jaime','Luco','Gonzalez','SI','','0');
INSERT INTO `personas_tienen_vehiculos` VALUES ('7','BBRX-49','11.402.127-K'), ('8','BCHP-72','8.910.211-1'), ('9','BCHX-76','9.442.995-1'), ('10','BFLJ-63','9.932.899-1'), ('11','BFLP-59',NULL), ('12','BFTG-53','9.302.326-9'), ('13','BFTJ-20',''), ('14','BGHK-66','13.544.063-9'), ('15','BJDV-62','10.597.439-6'), ('16','BLDP-59','13.650.808-3'), ('17','BPYH-65','16.487.368-4'), ('18','BTLX-90','12.038.159-8'), ('19','BVHT-85','7.098.518-7'), ('20','BWRY-19','08.262.438-4'), ('21','BZKH-60','10.259.898-9'), ('22','BZKK-82','16.251.013-4'), ('23','BZKL-55','12.160.891-K'), ('24','CBGR-66','10.004.055-7'), ('25','CBGR-93','7.916.445-3'), ('26','CCFD-64','4.974.513-3'), ('27','CCFD-65','9.774.469-6'), ('28','CCFD-66','7.651.026-1'), ('29','CGFG-35','11.624.593-0'), ('30','CGZH-50','14.461.020-2'), ('31','CJCC-51','13.634.674-1'), ('32','CLTP-30','8265044-K'), ('33','CTGY-58','8.932.672-9'), ('34','CTGY-95','9.309.102-7'), ('35','CTVJ-66','11.384.637-2'), ('36','CVHX-43','7.237.139-9'), ('37','CVVH-46','12.954.858-4'), ('38','CWSJ-35','11.299.379-7'), ('39','CWWX-27','8.933.372-5'), ('40','CZ-4987','4.319.694-4'), ('41','DFHS-87','14.519.895-K'), ('42','DGVD-44','8.572.164-K'), ('43','DHSG-59',NULL), ('44','DJVG-90','9.933.549-1'), ('45','DJVG-91','6.888.286-9'), ('46','DN-3609','11.389.952-2'), ('47','DS-0850',NULL), ('48','DV-5460',NULL), ('49','DVYP-40','7.554.410-3'), ('50','DVYP-41','9.078.125-1'), ('51','DVYP-43','8.942.943-9'), ('52','EH-4260',NULL), ('53','ES-0985',NULL), ('54','FFLY-90','9.329.265-0'), ('55','FGSB-11','9.142.168-2'), ('56','FHRY-35','9.291.914-5'), ('57','FKBG-47','7.757.016-0'), ('58','FKBG-51','15.555.403-7'), ('59','FP-0167','9.067.237-1'), ('60','FR-0757',NULL), ('61','GZ-0244',NULL), ('62','HN-940',NULL), ('63','HU-0675',NULL), ('64','HV-0344',NULL), ('65','KA-0675',NULL), ('66','KA-0909',NULL), ('67','KB-0774','10.591.629-9'), ('68','KK-0535',NULL), ('69','KL-0282','10.435.781-4'), ('70','KN-3823','9.173.533-4'), ('71','KR-0891',NULL), ('72','KW-2709','8216299-2'), ('73','KW-3135','8.289.904-9'), ('74','KW-3137',NULL), ('75','LJ-0319',NULL), ('76','LY-0648',NULL), ('77','PJ-0997',NULL), ('78','PW-9704','8.163.590-0'), ('79','RD-4631','4.212.399-4'), ('80','RE-5833','8.480.965-9'), ('81','SJ-3519','7.308.957-3'), ('82','SL-0508','7.147.066-0'), ('83','SY-0786',NULL), ('84','TB-1854','8.191.539-3'), ('85','TY-0608','9.296.449-3'), ('86','UJ-7178','13.109.445-0'), ('87','UP-4784','5.613.510-3'), ('88','VT-0998','9.930.313-1'), ('89','VY-0876',''), ('90','VY-0877','9.567.268-K'), ('91','VY-0878',''), ('92','WF-7710','7.297.052-7'), ('93','WH-9177','8.158.456-7'), ('94','WH-9267','8.588.136-1'), ('95','WK-2336','17.643.113-k'), ('96','WK-2386',NULL), ('97','WW-1195','16.102.216-9'), ('98','ZX-7442','6.777.495-7'), ('99','XN-1043','09.562-622-K'), ('100','XN-2322','8.298.387-2'), ('101','XT-8359','6.333.122-8'), ('102','XW-6285','6,900,724-4'), ('103','XZ-6072','10.552.433-1'), ('104','YD-9035','7.733.426-2'), ('105','YD-9666','7.641.312-6'), ('106','YD-9769','9.922.506-8');
INSERT INTO `personas_tienen_vehiculos` VALUES ('107','YF-0172','7.391.883-9'), ('108','YF-0185','11.592.004-9'), ('109','YF-0188','18.680.364-7'), ('110','YH-8031','8.924.900-7'), ('111','YH-8103','17.796.983-4'), ('112','YL-7876','13.197.605-4'), ('113','YL-8873',''), ('114','YN-0307',NULL), ('115','YR-2509','8.350.922-8'), ('116','YS-7092','7.767.374-1'), ('117','YT-0545',NULL), ('118','YT-0547','11.332.262-4'), ('119','YY-4930','9.061.339-1'), ('120','YZ-0210','8.502.488-4'), ('121','YZ-0231','10.429.927-K'), ('122','ZK-2080',NULL), ('123','ZN-0246','15.061.453-8'), ('124','ZV-4336',''), ('1070','FKHG-73','10.981.647-7'), ('1071','FKHG-74','7.069.804-8'), ('1072','FLJC-78','14.416.046-0');
INSERT INTO `reparaciones` VALUES ('1','15.126.287-2','BWRY19','15829807-4','2013-02-12','2013-02-12','',NULL,NULL,NULL), ('2','15.126.287-2','BWRY19','15829807-4','2013-02-12','2013-02-12','',NULL,NULL,NULL), ('3','15.126.287-2','BWRY19','15829807-4','2013-02-12','2013-02-12','',NULL,NULL,NULL), ('4','15.126.287-2','BWRY19','15829807-4','2013-02-12','2013-02-12','aaa',NULL,NULL,NULL), ('5','14.461.020-2','CGZH-50','','2013-03-11','2013-03-07','Arreglo en TilTIl',NULL,NULL,NULL), ('6','14.461.020-2','CGZH-50','','2013-03-11','2013-03-07','Cambio de Correa de distribuicion, tenzores, balancines, tapa valvulas, correas del alternador y direccion, bandeja superior lado chofer, pastillas y manilla izquierda',NULL,NULL,NULL), ('7','','ZV-4336','','2013-03-11','2013-03-07','Cambiar motor completo, Cambiar la cremallera de direccion, revisar los frenos delanteros y rectificar  tambores traseros',NULL,NULL,NULL), ('8','11.402.127-K','BBRX-49','1-1','2013-03-14','2013-03-14','esto es una prueba','1111','Efectivo',''), ('9','11.402.127-K','BBRX-49','1-1','2013-03-14','2013-03-14','esto es una prueba','1111','Efectivo',''), ('10','','ZV-4336','1-1','2013-03-14','2013-03-05','','33229','Cheque',''), ('11','','CGZH-50','1-1','2013-03-14','2013-03-05','','33229','Cheque',''), ('12','','ZV-4336','1-1','2013-03-14','2013-03-06','JUEGO DE PATINES REBALATADOS Y RECTIFICADO DE TAMBOR','11624','Cheque',''), ('13','','CVVH-46','','2013-03-14','2013-03-01','','297794','Cheque',''), ('14','','ZX-7442','','2013-03-14','2013-03-05','','98744','Cheque',''), ('15','','ZV-4336','','2013-03-14','2013-03-07','','98779','Cheque',''), ('16','','XZ-6072','','2013-03-14','2013-03-07','','678284','Cheque',''), ('17','11.402.127-K','BBRX-49','1-1','2013-03-14','2013-03-14','Esto es una prueba','112213','Efectivo',''), ('18','','CLTP-30','','2013-03-14','2013-03-08','','98784','Cheque',''), ('19','','BFTG-53','','2013-03-14','2013-03-08','','98789','Cheque',''), ('20','','KW-3135','','2013-03-14','2013-03-08','','98790','Cheque',''), ('21','','XN-1043','','2013-03-20','2013-03-20','','678834','Cheque','');
INSERT INTO `repuestos` VALUES ('7','FILTRO AIRE'), ('8','PASTILLAS FRENOS'), ('9','MANILLA PUERTA EXTERIOR'), ('10','RODAMIENTO TENSOR'), ('11','BALANCINES'), ('12','TAPA VALVULA'), ('13','CORREAS ALTERNADOR'), ('14','CORREAS DISTRIBUICION'), ('15','PIOLA SELECTOR'), ('16','TERMINAL DE DIRECCION'), ('18','JUEGO DE PATINES'), ('19','CAMBIO ACEITE'), ('20','NEUMATICOS'), ('21','VALVULA NEUMATICO'), ('22','BALANCEO'), ('23','ALINEACION');
INSERT INTO `siniestros` VALUES ('3','2013-03-01','KA-0675','8.480.965-9','aaaaa');
INSERT INTO `tipo_carga_comb` VALUES ('1','Normal'), ('2','Extra'), ('4','Boleta'), ('5','Devoluciones');
INSERT INTO `tipo_combustible` VALUES ('1','DIESEL'), ('2','93'), ('3','95'), ('4','97');
INSERT INTO `tipo_vehiculo` VALUES ('1','Automovil'), ('2','Camion'), ('3','Moto'), ('4','Furgon'), ('5','Station wagon'), ('6','Camioneta');
INSERT INTO `usuarios` VALUES ('10','hcerda','hugito1023','Hugo Cerda','1','0'), ('11','ssilva','ssilva','Samuel Silva','99','0'), ('12','vadasme','2208','Virginia Adasme','1','0'), ('13','jruz','799724','Javier Ruz','50','0'), ('14','ehanglin','alanisaline','Elizabeth Hanglin','1','0');
INSERT INTO `veh_tiene_cuotas` VALUES ('1','BBRX-49','2','0','111'), ('2','BBRX-49','1','0.87','30000'), ('3','BBRX-49','3','5222','1000');
INSERT INTO `vehiculos` VALUES ('594','1','SUZUKI','MARUTI','2008','Blanco','BBRX-49','2010-03-22','76112370','2050000','14','2','6','1','13500','3','6','1','2','123456'), ('595','1','SUZUKI','MARUTI MB 308','2008','Blanco','BCHP-72','2007-10-11','78748930','2050000','14','3','7','1','13500','3','7','1','2',NULL), ('596','6','KIA MOTORS','FRONTIER II 2.5','2008','Blanco','BCHX-76','2007-10-16','78748930','7180000','14','1','9','1','13500','5','9','1','1',NULL), ('597','6','KIA MOTORS','FRONTIER II 2.5','2008','Blanco','BFLJ-63','2007-11-14','78748930','6380000','14','1','9','1','13500','5','9','1','1',NULL), ('598','1','HYUNDAI','GETZ FL 1.4 GL','2008','Blanco','BFLP-59','2013-02-12','11330825','4000000','14','1','7','1','13500','3','7','1',NULL,NULL), ('599','6','KIA MOTORS','FRONTIER II 2.5','2008','Blanco','BFTG-53','2007-12-04','78748930','6380000','14','1','9','1','13500','5','9','1','1',NULL), ('600','1','SUZUKI','MARUTI','2008','Blanco','BFTJ-20','2010-06-10','76112370','2050000','14','3','7','1','13500','3','7','1','2',NULL), ('601','1','SUZUKI','MARUTI MB 308','2008','Blanco','BGHK-66','2010-07-27','76112370','2050000','14','3','7','1','13500','3','7','1','2',NULL), ('602','1','SUZUKI','MARUTI 0.8','2008','Blanco','BJDV-62','0000-00-00','8265044','2050000','14','3','11','1','13500','3','11','1','2',NULL), ('603','6','KIA MOTORS','FRONTIER II 2.5','2008','Blanco','BLDP-59','2008-03-31','76112370','7180000','14','1','11','1','13500','3','11','1','1',NULL), ('604','4','HYUNDAI','NEW H1 GL 2.5','2008','Blanco','BPYH-65','2008-05-08','76112370','7040000','14','1','11','1','13500','3','11','1','1',NULL), ('605','1','SUZUKI','MARUTI ','2008','Blanco','BTLX-90','0000-00-00','76112370','2140000','14','2','7','1','13500','3','7','1','2',NULL), ('606','1','SUZUKI','MARUTI 0.8','2008','Blanco','BVHT-85','0000-00-00','76112370','2050000','14','2','7','1','13500','3','7','1','2',NULL), ('607','1','SUZUKI','MARUTI MB 308','2009','Blanco','BWRY-19','2008-10-21','78748930','2400000','14','3','1','1','13500','3','1','1','2',NULL), ('608','1','SUZUKI','MARUTI 0.8','2009','Blanco','BZKH-60','2009-03-31','76112370','2320000','14','3','11','1','13500','3','11','1','2',NULL), ('609','1','SUZUKI','MARUTI 0.8','2009','Blanco','BZKK-82','2009-03-04','76112370','2320000','14','3','11','1','13500','3','11','1','2',NULL), ('610','1','SUZUKI','MARUTI 0.8','2009','Blanco','BZKL-55','2009-05-14','76112370','2320000','14','3','11','1','13500','3','11','1','2',NULL), ('611','4','CHANGAN','CARGO VAN S 300','2009','Blanco','CBGR-66','2009-08-19','76112370','2790000','14','3','7','1','13500','3','7','1','1',NULL), ('612','4','CHANGAN','CARGO VAN S 300','2009','Blanco','CBGR-93','2009-08-25','76112370','2790000','14','3','7','1','13500','3','7','1','1',NULL), ('613','4','MITSUBISHI','L300 2.0','2010','Blanco','CCFD-64','2011-09-28','76112370','6460000','14','3','9','1','13500','3','9','1','1',NULL), ('614','4','MITSUBISHI','L300 2.0','2010','Blanco','CCFD-65','2011-09-28','76112370','6460000','14','3','9','1','13500','3','9','1','1',NULL), ('615','4','MITSUBISHI','L300 2.0','2010','Blanco','CCFD-66','2011-09-28','76112370','6460000','14','3','9','1','13500','3','9','1','1',NULL), ('616','2','CHEVROLET','NPR 815','2010','Blanco','CGFG-35','2010-02-02','78748930','18850000','14','1','3','1','13500','0','3','1','1',NULL), ('617','5','KIA MOTORS','FRONTIER II PLUS 2.5','2010','Blanco','CGZH-50','2011-11-30','76112370','8330000','14','1','11','1','13500','3','11','1','1',NULL), ('618','2','CHEVROLET','NPR 815','2010','Blanco','CJCC-51','0000-00-00','78748930','18850000','14','1','4','1','13500','0','4','1','1',NULL), ('619','1','BMW','320IA-A FL','2010','Blanco','CLTP-30','0000-00-00','8265044','16450000','14','1','6','1','13500','0','6','1',NULL,NULL), ('620','0','Mitsubushi','L300 2.0','2011','Blanco','CTGY-58','2010-09-30','76112370','7110800','14','3','9','1','13500','3','9','1','1',NULL), ('621','0','Mitsubushi','L300 2.0','2011','Blanco','CTGY-95','2010-09-30','76112370','7110800','14','3','10','1','13500','3','10','1','1',NULL), ('622','4','Mitsubushi','L300 2.0','2011','Blanco','CTVJ-66','2010-10-18','76112370','7110800','14','3','10','1','13500','3','10','1','1',NULL), ('623','0','Mitsubushi','L300 2.0','2011','Blanco','CVHX-43','2010-10-30','76112370','7110800','14','3','10','1','13500','3','10','1','1',NULL), ('624','2','CHEVROLET','NPR 815','2011','Blanco','CVVH-46','2010-11-02','76112370','20822100','14','1','12','1','13500','0','12','1','1',NULL), ('625','0','HYUNDAI','NEW H-1 FURGON GL 4X2','2011','Blanco','CWSJ-35','2010-11-24','76112370','10739750','14','1','11','1','13500','3','11','1','1',NULL), ('626','4','MITSUBISHI','L300 2.0','2011','Blanco','CWWX-27','2010-12-20','76112370','7110800','14','3','11','1','13500','3','11','1','1',NULL), ('627','0','SUZUKI','SK 410','1990','Blanco','CZ-4987','1995-07-05','79595450','620000','14','3','7','1','13500','3','7','1','1',NULL), ('628','4','CHEVROLET','N300 MAX VAN 1.2','2011','Blanco','DFHS-87','2011-06-16','76112370','4190000','14','3','11','1','13500','3','11','1','1',NULL), ('629','6','KIA MOTORS','FRONTIER II PLUS 2.5','2011','Blanco','DGVD-44','2011-05-20','76112370','10994118','14','1','9','1','13500','5','9','1','1',NULL), ('630','1','MG','6','2011','Blanco','DHSG-59','0000-00-00','11330825','0','14','1','4','1','13500','0','4','1',NULL,NULL), ('631','1','SUZUKI','ALTO 800 GL','2012','Blanco','DJVG-90','2011-09-08','76161124','2848739','14','3','9','1','13500','3','9','1','1',NULL), ('632','1','SUZUKI','ALTO 800 GL','2012','Blanco','DJVG-91','2011-09-09','76161124','2848739','14','3','9','1','13500','3','9','1','1',NULL), ('633','5','SUZUKI','SK 410','1991','Blanco','DN-3609','2008-12-01','78748930','250000','14','2','11','1','13500','3','11','1','1',NULL), ('634','0','Honda','XL 250','1986','Blanco','DS-0850','1995-07-05','78748930','0','14','2','1','1','13500','0','0','1',NULL,NULL), ('635','5','SUZUKI','SK 410','1992','Blanco','DV-5460','2000-03-28','8265044','840000','14','2','7','1','13500','3','7','1','2',NULL), ('636','1','SUZUKI','ALTO 800 GL','2012','Blanco','DVYP-40','2012-04-13','76161124','3590000','14','3','9','1','13500','3','9','1','1',NULL), ('637','1','SUZUKI','ALTO 800 GL','2012','Blanco','DVYP-41','2012-04-13','76161124','3590000','14','3','9','1','13500','3','9','1','1',NULL), ('638','1','SUZUKI','ALTO 800 GL','2012','Blanco','DVYP-43','2012-04-13','76161124','3590000','14','3','9','1','13500','3','9','1','1',NULL), ('639','1','DAIHATSU','CHARADE G20','1980','Blanco','EH-4260','0000-00-00','78748930','380000','14','2','1','1','13500','0','1','1','2',NULL), ('640','3','Honda','XLR 250R','1986','Blanco','ES-0985','0000-00-00','8265044','200000','14','2','1','1','13500','0','0','1','1',NULL), ('641','1','MERCEDES BENZ','VITO 110 CDI 5.7 M3','2013','Blanco','FFLY-90','2012-12-05','76161124','13399638','14','1','1','1','13500','0','1','1','1',NULL), ('642','1','SUZUKI','ALTO GL2 800','2013','Blanco','FGSB-11','2012-10-30','76161124','3390001','14','3','1','1','13500','0','1','1','1',NULL), ('643','1','SUZUKI','ALTO GL2 800','2012','Blanco','FHRY-35','2012-11-23','76161124','3390001','14','3','1','1','13500','0','1','1','1',NULL), ('644','1','CHEVROLET','N300 MAX VAN 1.2','2013','Blanco','FKBG-47','2012-12-31','76161124','4986100','14','3','1','1','13500','0','1','1','1',NULL), ('645','1','CHEVROLET','N300 MAX VAN 1.2','2013','Blanco','FKBG-51','2012-12-31','76161124','4986100','14','3','1','1','13500','0','1','1','1',NULL), ('646','3','Honda','XR 250','1995','Blanco','FP-0167','2007-03-22','78748930','630000','14','2','1','1','13500','0','0','1','1',NULL), ('647','3','Honda','XLR 250R','1986','Blanco','FR-0757','2004-07-09','8265044','0','14','2','1','1','13500','0','11','1',NULL,NULL), ('648','3','Honda','CB 650','1989','Blanco','GZ-0244','2008-08-28','76112370','390000','14','2','1','1','13500','0','0','1',NULL,NULL), ('649','0','Honda','XLR 250','1990','Blanco','HN-940','2002-07-30','8265044','220000','14','2','1','1','13500','0','0','1',NULL,NULL), ('650','0','Honda','XLR 250R','1988','Blanco','HU-0675','2011-10-11','78748930','0','14','2','1','1','13500','0','0','1',NULL,NULL), ('651','0','Honda','XLR 250','1991','Blanco','HV-0344','2001-12-12','8265044','250000','14','2','1','1','13500','0','0','1',NULL,NULL), ('652','3','Honda','XLX 250R','1990','Blanco','KA-0675','2002-04-04','8265044','200000','14','2','1','1','13500','5','2','1','1','151515'), ('653','3','Honda','XLX 250R','1992','Blanco','KA-0909','2004-11-18','78748930','250000','14','2','1','1','13500','0','1','1','1',NULL), ('654','0','Honda ','XLR 250 R','1990','Blanco','KB-0774','2006-03-21','78748930','390000','14','2','1','1','13500','0','0','1','1',NULL), ('655','3','Honda','XL 250','1982','Blanco','KK-0535','0000-00-00','8265044','200000','14','2','1','1','13500','0','0','1',NULL,NULL), ('656','0','Honda','XLR 250R','1990','Blanco','KL-0282','2011-12-21','8265044','390000','14','2','1','1','13500','0','0','1','1',NULL), ('657','0','SUZUKI','CARRY ALL','1993','Blanco','KN-3823','0000-00-00','79595450','860000','14','3','7','1','13500','3','7','1','1',NULL), ('658','3','Honda','XR 250','1989','Blanco','KR-0891','2011-06-19','78748930','230000','14','3','1','1','13500','0','1','1',NULL,NULL), ('659','1','SUZUKI','MARUTI MB 308','2007','Blanco','KW-2709','2010-08-24','76112370','1980000','14','2','7','1','13500','3','7','1','2',NULL), ('660','1','SUZUKI','MARUTI','2007','Blanco','KW-3135','2007-07-04','78748930','1930000','14','2','7','1','13500','3','7','1','1',NULL), ('661','1','SUZUKI','MARUTI MB 308','2007','Blanco','KW-3137','2007-07-04','78748930','1930000','14','2','7','1','13500','3','7','1',NULL,NULL), ('662','3','Honda','XR 250','1996','Blanco','LJ-0319','2002-07-30','8265044','540000','14','2','1','1','13500','0','0','1','1',NULL), ('663','3','Honda','XR 250','1980','Blanco','LY-0648','2007-12-13','78748930','200000','14','2','1','1','13500','0','0','1',NULL,NULL), ('664','3','Loncin','LX 125 4','2007','Blanco','PJ-0997','2006-11-18','78748930','780000','14','2','1','1','13500','0','0','1',NULL,NULL), ('665','1','SUZUKI','MARUTI MB 308','2007','Blanco','PW-9704','2011-02-01','76112370','2090000','14','2','11','1','13500','0','11','1','2',NULL), ('666','0','SUZUKI','CARRI ALL SK 41','1997','Blanco','RD-4631','0000-00-00','78748930','1370000','14','3','8','1','13500','3','8','1','1',NULL), ('667','0','SUZUKI','SUPER CARRI ','1997','Blanco','RE-5833','2009-04-24','78748930','1370000','14','2','11','1','13500','3','11','1','1',NULL), ('668','0','SUZUKI','SUPER CARRY','1998','Blanco','SJ-3519','1998-04-20','78748930','1510000','14','2','8','1','13500','3','8','1','1',NULL), ('669','3','Yamaha','AG 200 F','2008','Blanco','SL-0508','2007-12-28','78748930','1510000','14','2','1','1','13500','0','0','1','1',NULL), ('670','3','Yamaha','AG 200 F','2008','Blanco','SY-0786','2008-02-29','76112370','1510000','14','2','1','1','13500','0','0','1','1',NULL), ('671','0','SUZUKI','SUPER CARRY','1999','Blanco','TB-1854','2006-06-19','78748930','1830000','14','2','11','1','13500','3','11','1','1',NULL), ('672','3','Yamaha','AG 200 F','2009','Blanco','TY-0608','2009-01-31','76112370','1700000','14','2','1','1','13500','0','0','1','1',NULL), ('673','6','KIA MOTORS','BESTA 2.7','2001','Blanco','UJ-7178','2003-01-31','8265044','2820000','14','1','7','1','13500','3','7','1','1',NULL), ('674','0','SUZUKI','CARRY 1.3','2001','Blanco','UP-4784','0000-00-00','78748930','2080000','14','4','7','1','13500','3','7','1','1',NULL), ('675','3','Yamaha','AG 200 F','2010','Blanco','VT-0998','2009-09-03','76112370','1850000','14','2','1','1','13500','0','0','1','1',NULL), ('676','3','Yamaha','AG 200 F','2010','Blanco','VY-0876','2009-09-03','76112370','1850000','14','2','1','1','13500','0','0','1','1',NULL), ('677','3','Yamaha','AG 200 F','2010','Blanco','VY-0877','2009-09-03','76112370','1850000','14','2','1','1','13500','0','0','1','1',NULL), ('678','3','Yamaha','AG 200 F','2010','Blanco','VY-0878','2009-09-03','76112370','1850000','14','2','1','1','13500','0','0','1','1',NULL), ('679','1','SUZUKI','MARUTI','2006','Blanco','WF-7710','2011-05-30','76112370','0','14','3','11','1','13500','3','11','1','2',NULL), ('680','6','KIA MOTORS','FRONTIER 2.7','2006','Blanco','WH-9177','2007-03-14','76112370','5040000','14','1','11','1','13500','3','11','1','1',NULL), ('681','0','KIA MOTORS','BESTA 2.7','2006','Blanco','WH-9267','2006-09-21','78748930','4720000','14','1','9','1','13500','5','9','1','1',NULL), ('682','1','SUZUKI','MARUTI MB 308','2006','Blanco','WK-2336','2006-08-10','78748930','1940000','14','3','7','1','13500','3','7','1','2',NULL), ('683','1','SUZUKI','MARUTI MB 308','2006','Blanco','WK-2386','2006-08-18','78748930','1870000','14','3','7','1','13500','3','7','1',NULL,NULL), ('684','0','HYUNDAI','H 1 VAN SV 2.5','2007','Blanco','WW-1195\r\n','2006-11-30','78748930','5520000','14','1','11','1','13500','3','11','1',NULL,NULL), ('685','0','HYUNDAI','GRACE VAN H100 2.5','2004','Blanco','XN-1043','2004-02-04','8265044','2673000','14','1','11','1','13500','3','11','1','1',NULL), ('686','0','HYUNDAI','GRACE VAN H100 2.5','2004','Blanco','XN-2322','2004-02-13','8265044','2964600','14','1','11','1','13500','3','11','1','1',NULL), ('687','0','KIA MOTORS','BESTA 2.7','2004','Blanco','XT-8359','2004-03-11','8265044','3920000','14','1','11','1','13500','3','11','1','1',NULL), ('688','1','SUZUKI','MARUTI MB 308','2007','Blanco','XW-6285','2007-03-19','78748930','1930000','14','3','1','1','13500','3','1','1','2',NULL), ('689','0','HYUNDAI','GRACE VAN H100 2.5','2004','Blanco','XZ-6072','2004-07-15','78748930','2964600','14','1','11','1','13500','3','11','1','1',NULL), ('690','0','HYUNDAI','VAN H1 2.5','2005','Blanco','YD-9035','2004-10-22','78748930','4630000','14','1','11','1','13500','3','11','1','1',NULL), ('691','6','KIA MOTORS','FRONTIER 2.7','2005','Blanco','YD-9666','2004-10-30','78748930','5780000','14','1','11','1','13500','3','11','1','1',NULL), ('692','0','KIA MOTORS','BESTA 2.7','2004','Blanco','YD-9769','2004-11-09','8265044','4300000','14','1','11','1','13500','3','11','1','1',NULL), ('693','3','Euromot','GXT 200','2011','Blanco','YF-0172','2010-11-24','78748930','930100','14','2','1','1','13500','0','0','1','1',NULL);
INSERT INTO `vehiculos` VALUES ('694','3','Euromot','GXT 200','2011','Blanco','YF-0185','2011-01-07','76112370','822689','14','2','1','1','13500','0','0','1','1',NULL), ('695','3','Euromot','GXT 200','2011','Blanco','YF-0188','2011-01-07','76112370','822689','14','2','1','1','13500','0','0','1','2',NULL), ('696','0','KIA MOTORS','BESTA 2.7','2005','Blanco','YH-8031','0000-00-00','78748930','4300000','14','1','11','1','13500','3','11','1','1',NULL), ('697','0','KIA MOTORS','BESTA 2.7','2005','Blanco','YH-8103','2004-11-30','78748930','4300000','14','1','11','1','13500','3','11','1','1',NULL), ('698','0','KIA MOTORS','BESTA 2.7','2005','Blanco','YL-7876','2005-01-06','78748930','4300000','14','1','11','1','13500','3','11','1','1',NULL), ('699','1','SUZUKI','MARUTI','2005','Blanco','YL-8873','2011-04-05','76112370','1700000','14','2','4','1','13500','3','4','1','2',NULL), ('700','3','Euromot','GXT 200','2011','Blanco','YN-0307','2010-10-21','78748930','902500','14','2','1','1','13500','0','0','1','1',NULL), ('701','0','KIA MOTORS','BESTA 2.7','2006','Blanco','YR-2509','2006-03-27','78748930','4720000','14','1','11','1','13500','3','11','1','1',NULL), ('702','1','SUZUKI','MARUTI MB 308','2005','Blanco','YS-7092','2005-04-02','78748930','1700000','14','2','7','1','13500','3','7','1','2',NULL), ('703','3','Euromot','GXT 200','2011','Blanco','YT-0545','2010-11-22','76112370','822689','14','2','1','1','13500','0','0','1',NULL,NULL), ('704','3','Euromot','GXT 200','2011','Blanco','YT-0547','2010-11-22','76112370','930100','14','2','1','1','13500','0','0','1','1',NULL), ('705','1','SUZUKI','MARUTI 800','2006','Blanco','YY-4930','2011-06-29','76112370','1750000','14','2','11','1','13500','3','11','1','2',NULL), ('706','3','Euromot','GXT 200','2011','Blanco','YZ-0210','2010-11-24','78748930','0','14','2','1','1','13500','0','0','1','1',NULL), ('707','3','Euromot','GXT 200','2011','Blanco','YZ-0231','2010-12-30','76112370','930100','14','2','1','1','13500','0','0','1','2',NULL), ('708','1','SUZUKI','MARUTI MB 308','2006','Blanco','ZK-2080','2005-09-29','78748930','1800000','14','2','8','1','13500','3','8','1',NULL,NULL), ('709','3','Euromot','GXT 200','2011','Blanco','ZN-0246','2011-06-04','76112370','831933','14','2','1','1','13500','0','0','1','1',NULL), ('710','0','KIA MOTORS','BESTA 2.5','2006','Blanco','ZV-4336','2006-04-27','78748930','5180000','14','1','11','1','13500','3','11','1','1',NULL), ('711','0','KIA MOTORS','BESTA 2.5','2006','Blanco','ZX-7442','2006-05-17','78748930','5180000','14','1','11','1','13500','3','11','1','1',NULL), ('712','4','MITSUBISHI','L 300 2.4','2013','BLANCO','FKHG-73','2013-01-21','76161124','8318','14','3','12','1','0','0','1','1',NULL,NULL), ('713','4','MITSUBISHI','L 300 2.4','2013','BLANCO','FKHG-74','2013-01-21','76161124','8318','14','3','1','1','0','0','1','1',NULL,NULL), ('714','1','SUZUKI','ALTO GL2 800','2013','PLATEADO','FLJC-78','2013-02-13','76161124','3390000','14','3','11','1','0','0','1','1',NULL,NULL);
