[
    {
        "Encabezado": {
            "IdDoc": {
                "TipoDTE": 110,
                "Folio": 43,
                "IndServicio": 4
            },
            "Receptor": {
                "Extranjero": {
                    "Nacionalidad": 225
                }
            },
            "Totales": {
                "TpoMoneda": "DOLAR USA"
            }
        },
        "Detalle": [
            {
                "NmbItem": "Alojamiento 5 noches",
                "PrcItem": "50"
            }
        ],
        "Referencia": [
            {
                "TpoDocRef": 813,
                "FolioRef": "E12345"
            }
        ]
    },
    {
        "Encabezado": {
            "IdDoc": {
                "TipoDTE": 112,
                "Folio": 2,
                "IndServicio": 4
            },
            "Receptor": {
                "Extranjero": {
                    "Nacionalidad": 225
                }
            },
            "Totales": {
                "TpoMoneda": "DOLAR USA"
            }
        },
        "Detalle": [
            {
                "NmbItem": "Alojamiento 5 noches",
                "PrcItem": "50"
            }
        ],
        "Referencia": [
            {
                "TpoDocRef": 813,
                "FolioRef": "E12345"
            },
            {
                "TpoDocRef": 110,
                "FolioRef": 43,
                "CodRef": 1,
                "RazonRef": "Anula factura"
            }
        ]
    },
    {
        "Encabezado": {
            "IdDoc": {
                "TipoDTE": 111,
                "Folio": 2,
                "IndServicio": 4
            },
            "Receptor": {
                "Extranjero": {
                    "Nacionalidad": 225
                }
            },
            "Totales": {
                "TpoMoneda": "DOLAR USA"
            }
        },
        "Detalle": [
            {
                "NmbItem": "Alojamiento 5 noches",
                "PrcItem": "50"
            }
        ],
        "Referencia": [
            {
                "TpoDocRef": 813,
                "FolioRef": "E12345"
            },
            {
                "TpoDocRef": 112,
                "FolioRef": 2,
                "CodRef": 1,
                "RazonRef": "Anula nota de credito"
            }
        ]
    }
]
