[
    {
        "Encabezado": {
            "IdDoc": {
                "TipoDTE": 33,
                "Folio": 47
            }
        },
        "Detalle": [
            {
                "NmbItem": "Antena ranurada 16 dBi",
                "QtyItem": 1,
                "PrcItem": 70000
            }
        ]
    },
    {
        "Encabezado": {
            "IdDoc": {
                "TipoDTE": 33,
                "Folio": 48
            }
        },
        "Detalle": [
            {
                "NmbItem": "Punto de acceso WAP54G",
                "QtyItem": 1,
                "PrcItem": 35000
            },
            {
                "NmbItem": "Pigtail LMR-195",
                "QtyItem": 1,
                "PrcItem": 10000
            },
            {
                "NmbItem": "Antena omnidireccional 14 dBi",
                "QtyItem": 1,
                "PrcItem": 25000
            }
        ]
    },
    {
        "Encabezado": {
            "IdDoc": {
                "TipoDTE": 33,
                "Folio": 49
            }
        },
        "Detalle": [
            {
                "NmbItem": "Ubiquiti Loco M5",
                "QtyItem": 2,
                "PrcItem": 35000
            }
        ]
    },
    {
        "Encabezado": {
            "IdDoc": {
                "TipoDTE": 33,
                "Folio": 50
            }
        },
        "Detalle": [
            {
                "NmbItem": "Ubiquiti Loco M2",
                "QtyItem": 2,
                "PrcItem": 35000,
                "DescuentoPct": 10
            }
        ]
    },
    {
        "Encabezado": {
            "IdDoc": {
                "TipoDTE": 33,
                "Folio": 51
            }
        },
        "Detalle": [
            {
                "NmbItem": "Ubiquiti Loco M2",
                "QtyItem": 2,
                "PrcItem": 35000
            }
        ],
        "DscRcgGlobal": {
            "TpoMov": "D",
            "TpoValor": "%",
            "ValorDR": 6
        }
    },
    {
        "Encabezado": {
            "IdDoc": {
                "TipoDTE": 33,
                "Folio": 52
            }
        },
        "Detalle": [
            {
                "NmbItem": "Ubiquiti Loco M2",
                "QtyItem": 2,
                "PrcItem": 35000
            }
        ],
        "DscRcgGlobal": {
            "TpoMov": "D",
            "TpoValor": "$",
            "ValorDR": 5000
        }
    },
    {
        "Encabezado": {
            "IdDoc": {
                "TipoDTE": 33,
                "Folio": 53
            }
        },
        "Detalle": [
            {
                "NmbItem": "Ubiquiti Loco M2",
                "QtyItem": 10,
                "PrcItem": 35000,
                "DescuentoPct": 10
            }
        ],
        "DscRcgGlobal": {
            "TpoMov": "D",
            "TpoValor": "$",
            "ValorDR": 5000
        }
    },
    {
        "Encabezado": {
            "IdDoc": {
                "TipoDTE": 33,
                "Folio": 54
            }
        },
        "Detalle": [
            {
                "NmbItem": "Ubiquiti Loco M2",
                "QtyItem": 10,
                "PrcItem": 35000,
                "DescuentoPct": 10
            }
        ],
        "DscRcgGlobal": {
            "TpoMov": "D",
            "TpoValor": "%",
            "ValorDR": 7
        }
    },
    {
        "Encabezado": {
            "IdDoc": {
                "TipoDTE": 33,
                "Folio": 55
            }
        },
        "Detalle": [
            {
                "NmbItem": "Punto de acceso WAP54G",
                "QtyItem": 1,
                "PrcItem": 35000
            },
            {
                "NmbItem": "Pigtail LMR-195",
                "QtyItem": 1,
                "PrcItem": 10000
            },
            {
                "NmbItem": "Antena omnidireccional 14 dBi",
                "QtyItem": 1,
                "PrcItem": 25000
            }
        ],
        "DscRcgGlobal": {
            "TpoMov": "D",
            "TpoValor": "%",
            "ValorDR": 6
        }
    },
    {
        "Encabezado": {
            "IdDoc": {
                "TipoDTE": 33,
                "Folio": 56
            }
        },
        "Detalle": [
            {
                "NmbItem": "Punto de acceso WAP54G",
                "QtyItem": 1,
                "PrcItem": 35000
            },
            {
                "NmbItem": "Pigtail LMR-195",
                "QtyItem": 1,
                "PrcItem": 10000,
                "DescuentoPct": 50
            },
            {
                "NmbItem": "Antena omnidireccional 14 dBi",
                "QtyItem": 1,
                "PrcItem": 25000
            }
        ],
        "DscRcgGlobal": {
            "TpoMov": "D",
            "TpoValor": "%",
            "ValorDR": 6
        }
    },
    {
        "Encabezado": {
            "IdDoc": {
                "TipoDTE": 61,
                "Folio": 45
            },
            "Totales": {
                "MntTotal": 0
            }
        },
        "Detalle": [
            {
                "NmbItem": "Antena ranurada 16 dBi"
            }
        ],
        "Referencia": {
            "TpoDocRef": 33,
            "FolioRef": 47,
            "CodRef": 2,
            "RazonRef": "Corrige direccion del receptor"
        }
    },
    {
        "Encabezado": {
            "IdDoc": {
                "TipoDTE": 61,
                "Folio": 46
            },
            "Totales": {
                "MntNeto": 0,
                "TasaIVA": 19,
                "IVA": 0,
                "MntTotal": 0
            }
        },
        "Detalle": [
            {
                "NmbItem": "Ubiquiti Loco M2",
                "QtyItem": 2,
                "PrcItem": 35000,
                "DescuentoPct": 10
            }
        ],
        "Referencia": {
            "TpoDocRef": 33,
            "FolioRef": 50,
            "CodRef": 1,
            "RazonRef": "Anula factura"
        }
    },
    {
        "Encabezado": {
            "IdDoc": {
                "TipoDTE": 61,
                "Folio": 47
            },
            "Totales": {
                "MntNeto": 0,
                "TasaIVA": 19,
                "IVA": 0,
                "MntTotal": 0
            }
        },
        "Detalle": [
            {
                "NmbItem": "Ubiquiti Loco M5",
                "QtyItem": 1,
                "PrcItem": 35000
            }
        ],
        "Referencia": {
            "TpoDocRef": 33,
            "FolioRef": 49,
            "CodRef": 3,
            "RazonRef": "Devolucion mercaderia"
        }
    },
    {
        "Encabezado": {
            "IdDoc": {
                "TipoDTE": 56,
                "Folio": 23
            },
            "Totales": {
                "MntNeto": 0,
                "TasaIVA": 19,
                "IVA": 0,
                "MntTotal": 0
            }
        },
        "Detalle": [
            {
                "NmbItem": "Ubiquiti Loco M2",
                "QtyItem": 1,
                "PrcItem": 35000
            }
        ],
        "Referencia": {
            "TpoDocRef": 61,
            "FolioRef": 47,
            "CodRef": 1,
            "RazonRef": "Anula nota de credito electronica"
        }
    },
    {
        "Encabezado": {
            "IdDoc": {
                "TipoDTE": 33,
                "Folio": 57
            }
        },
        "Detalle": [
            {
                "NmbItem": "Punto de acceso WAP54G",
                "QtyItem": 1,
                "PrcItem": 35000
            },
            {
                "IndExe": 1,
                "NmbItem": "Asesoria en instalacion de AP",
                "QtyItem": 1,
                "PrcItem": 15000
            }
        ]
    },
    {
        "Encabezado": {
            "IdDoc": {
                "TipoDTE": 34,
                "Folio": 39
            }
        },
        "Detalle": [
            {
                "NmbItem": "Desarrollo y mantencion webapp agosto",
                "QtyItem": 1,
                "PrcItem": 950000
            }
        ]
    },
    {
        "Encabezado": {
            "IdDoc": {
                "TipoDTE": 34,
                "Folio": 40
            }
        },
        "Detalle": [
            {
                "NmbItem": "Desarrollo y mantencion webapp agosto",
                "QtyItem": 1,
                "PrcItem": 950000
            },
            {
                "NmbItem": "Configuracion en terreno de servidor web",
                "QtyItem": 1,
                "PrcItem": 80000
            }
        ]
    },
    {
        "Encabezado": {
            "IdDoc": {
                "TipoDTE": 34,
                "Folio": 41
            }
        },
        "Detalle": [
            {
                "NmbItem": "Capacitacion aplicacion web",
                "QtyItem": 8,
                "UnmdItem": "Hora",
                "PrcItem": 25000
            }
        ]
    },
    {
        "Encabezado": {
            "IdDoc": {
                "TipoDTE": 34,
                "Folio": 42
            }
        },
        "Detalle": [
            {
                "NmbItem": "Desarrollo nueva funcionalidad",
                "QtyItem": 16,
                "UnmdItem": "Hora",
                "PrcItem": 14000
            },
            {
                "NmbItem": "Capacitacion nueva funcionalidad",
                "QtyItem": 2,
                "UnmdItem": "Hora",
                "PrcItem": 25000
            }
        ]
    },
    {
        "Encabezado": {
            "IdDoc": {
                "TipoDTE": 34,
                "Folio": 43
            }
        },
        "Detalle": [
            {
                "NmbItem": "Certificacion facturacion electronica",
                "QtyItem": 1,
                "PrcItem": 599000
            }
        ],
        "DscRcgGlobal": {
            "TpoMov": "D",
            "TpoValor": "%",
            "ValorDR": 50,
            "IndExeDR": 1
        }
    },
    {
        "Encabezado": {
            "IdDoc": {
                "TipoDTE": 34,
                "Folio": 44
            }
        },
        "Detalle": [
            {
                "NmbItem": "Desarrolo interfaces para API LibreDTE",
                "QtyItem": 40,
                "UnmdItem": "Hora",
                "PrcItem": 14000
            },
            {
                "NmbItem": "Capacitacion API facturacion electronica",
                "QtyItem": 4,
                "UnmdItem": "Hora",
                "PrcItem": 25000
            },
            {
                "NmbItem": "Certificacion facturacion electronica",
                "QtyItem": 1,
                "PrcItem": 599000,
                "DescuentoPct": 50
            }
        ]
    }
]