[
    {
        "Encabezado": {
            "IdDoc": {
                "TipoDTE": 34,
                "Folio": 28
            }
        },
        "Detalle": [
            {
                "NmbItem": "Asesoria en gestion administrativa",
                "QtyItem": 1,
                "PrcItem": 35000
            }
        ]
    },
    {
        "Encabezado": {
            "IdDoc": {
                "TipoDTE": 34,
                "Folio": 29
            }
        },
        "Detalle": [
            {
                "NmbItem": "Asesoria gestion RRHH",
                "QtyItem": 1,
                "PrcItem": 45000
            }
        ]
    },
    {
        "Encabezado": {
            "IdDoc": {
                "TipoDTE": 34,
                "Folio": 30
            }
        },
        "Detalle": [
            {
                "NmbItem": "Asesoria tributable",
                "QtyItem": 1,
                "PrcItem": 55000
            }
        ]
    },
    {
        "Encabezado": {
            "IdDoc": {
                "TipoDTE": 34,
                "Folio": 31
            }
        },
        "Detalle": [
            {
                "NmbItem": "Asesoria en gestion administrativa",
                "QtyItem": 1,
                "PrcItem": 65000
            }
        ]
    },
    {
        "Encabezado": {
            "IdDoc": {
                "TipoDTE": 34,
                "Folio": 32
            }
        },
        "Detalle": [
            {
                "NmbItem": "Asesoria en gestion RRHH",
                "QtyItem": 1,
                "PrcItem": 75000
            }
        ],
        "DscRcgGlobal": {
            "TpoMov": "D",
            "TpoValor": "%",
            "ValorDR": 50,
            "IndExeDR": 1
        }
    },
    {
        "Encabezado": {
            "IdDoc": {
                "TipoDTE": 34,
                "Folio": 33
            }
        },
        "Detalle": [
            {
                "NmbItem": "Asesoria tributable",
                "QtyItem": 1,
                "PrcItem": 85000
            }
        ]
    },
    {
        "Encabezado": {
            "IdDoc": {
                "TipoDTE": 34,
                "Folio": 34
            }
        },
        "Detalle": [
            {
                "NmbItem": "Asesoria en gestion empresa",
                "QtyItem": 1,
                "PrcItem": 95000
            }
        ]
    },
    {
        "Encabezado": {
            "IdDoc": {
                "TipoDTE": 34,
                "Folio": 35
            }
        },
        "Detalle": [
            {
                "NmbItem": "Asesoria tributaria",
                "QtyItem": 1,
                "PrcItem": 105000
            }
        ]
    },
    {
        "Encabezado": {
            "IdDoc": {
                "TipoDTE": 61,
                "Folio": 14
            },
            "Totales": {
                "MntTotal": 0
            }
        },
        "Detalle": [
            {
                "NmbItem": "Asesoria en gestion administrativa"
            }
        ],
        "Referencia": {
            "TpoDocRef": 34,
            "FolioRef": 28,
            "CodRef": 2,
            "RazonRef": "Corrige direccion del receptor"
        }
    },
    {
        "Encabezado": {
            "IdDoc": {
                "TipoDTE": 61,
                "Folio": 15
            },
            "Totales": {
                "MntExe": 0,
                "MntNeto": 0
            }
        },
        "Detalle": [
            {
                "IndExe":1,
                "NmbItem": "Asesoria tributaria",
                "QtyItem": 1,
                "PrcItem": 105000
            }
        ],
        "Referencia": {
            "TpoDocRef": 34,
            "FolioRef": 35,
            "CodRef": 1,
            "RazonRef": "Anula factura"
        }
    },
    {
        "Encabezado": {
            "IdDoc": {
                "TipoDTE": 56,
                "Folio": 10
            },
            "Totales": {
                "MntExe": 0,
                "MntTotal": 0
            }
        },
        "Detalle": [
            {
                "IndExe":1,
                "NmbItem": "Asesoria tributaria",
                "QtyItem": 1,
                "PrcItem": 105000
            }
        ],
        "Referencia": {
            "TpoDocRef": 61,
            "FolioRef": 15,
            "CodRef": 1,
            "RazonRef": "Anula nota de credito electronica"
        }
    },
    {
        "Encabezado": {
            "IdDoc": {
                "TipoDTE": 34,
                "Folio": 36
            }
        },
        "Detalle": [
            {
                "NmbItem": "Asesoria en gestion administrativa",
                "QtyItem": 1,
                "PrcItem": 35000
            }
        ]
    }
]
