[
    {
        "Encabezado": {
            "IdDoc": {
                "TipoDTE": 52,
                "Folio": 7,
                "IndTraslado": 5
            }
        },
        "Detalle": [
            {
                "NmbItem": "Antena Yagi 16 dBi",
                "QtyItem": "10"
            }
        ]
    },
    {
        "Encabezado": {
            "IdDoc": {
                "TipoDTE": 52,
                "Folio": 8,
                "TipoDespacho": 2,
                "IndTraslado": 1
            }
        },
        "Detalle": [
            {
                "NmbItem": "Antena Yagi 16 dBi",
                "QtyItem": "1",
                "PrcItem": "25000"
            }
        ]
    },
    {
        "Encabezado": {
            "IdDoc": {
                "TipoDTE": 52,
                "Folio": 9,
                "TipoDespacho": 1,
                "IndTraslado": 1
            }
        },
        "Detalle": [
            {
                "NmbItem": "Antena Yagi 16 dBi",
                "QtyItem": "3",
                "PrcItem": "25000"
            }
        ]
    }
]
